{"meta": [16777216, 67108864, 268435456, 1073741824], "ag": {"tput": [2.29897195952842, 1.957628879579688, 1.8868996493969956, 2.263320255241945], "busbw": [2.1552862120578937, 1.8352770746059572, 1.7689684213096832, 2.1218627392893237]}, "rs": {"tput": [2.1680940390265127, 2.402274697312881, 2.1103556035100413, 2.687212218916848], "busbw": [2.0325881615873556, 2.252132528730826, 1.978458378290664, 2.519261455234545]}, "ar": {"tput": [2.3904350040957865, 1.916607165577746, 2.2894729479517344, 2.400935345744449], "busbw": [2.2410328163398, 1.7968192177291367, 2.146380888704751, 2.2508768866354214]}}