{"meta": [836043776], "ag": {"tput": [3.412497615443494], "busbw": [3.1992165144782754]}, "rs": {"tput": [3.3489770624752], "busbw": [3.1396659960705002]}, "ar": {"tput": [5.940188873759032], "busbw": [5.568927069149093]}}}