{"meta": [16777216, 67108864, 268435456, 1073741824], "ag": {"tput": [17.31482420419505, 17.71876446808488, 17.796188761365624, 17.783492310277644], "busbw": [15.15047117867067, 15.50391890957427, 15.57166516619492, 15.56055577149294]}, "rs": {"tput": [12.205300420639242, 12.467719542646758, 12.480299319287951, 12.490527620194563], "busbw": [10.679637868059338, 10.909254599815915, 10.920261904376957, 10.929211667670243]}, "ar": {"tput": [15.530639279769808, 15.534485648192977, 15.638459819823982, 15.588573319261165], "busbw": [13.589309369798583, 13.592674942168854, 13.683652342345985, 13.640001654353519]}}