{"meta": [1048576, 2097152, 4194304, 8388608, 16777216, 33554432, 67108864, 134217728, 268435456, 536870912, 1073741824, 2147483648, 4294967296], "ag": {"tput": [11.845792232453034, 31.017209934175522, 53.47981773648275, 81.7860810990981, 111.27252400010121, 140.9506762531609, 164.8197079302929, 181.59236580447634, 192.8517588954785, 200.00553472021033, 205.08451847054081, 207.09383002428515, 209.24256378010486], "busbw": [8.884344174339775, 23.26290745063164, 40.10986330236206, 61.33956082432358, 83.45439300007591, 105.7130071898707, 123.61478094771968, 136.19427435335726, 144.63881917160884, 150.00415104015775, 153.8133888529056, 155.32037251821387, 156.93192283507864]}, "rs": {"tput": [6.606897526727007, 10.79904609706025, 44.22786472936991, 83.98477598408354, 115.3846058376503, 139.54611341207243, 170.4811154699813, 187.44847736060802, 194.30325164898466, 203.75950835347976, 209.4435696640476, 213.2954899430984, 216.0436312310339], "busbw": [4.955173145045256, 8.099284572795186, 33.170898547027434, 62.988581988062656, 86.53845437823773, 104.65958505905432, 127.86083660248596, 140.58635802045603, 145.7274387367385, 152.81963126510982, 157.0826772480357, 159.9716174573238, 162.03272342327543]}, "a2a": {"tput": [1.8554418170751155, 4.367582622313364, 11.500039904831509, 34.03402214048366, 63.33820358025562, 105.39765472577548, 150.30837407452324, 196.5161375460569, 231.35484210428825, 256.7719137805098, 277.75051588668794, 286.74389579590576, 291.678718634901], "busbw": [1.3915813628063367, 3.275686966735023, 8.625029928623631, 25.52551660536274, 47.50365268519172, 79.0482410443316, 112.73128055589244, 147.3871031595427, 173.51613157821618, 192.5789353353824, 208.31288691501592, 215.05792184692933, 218.75903897617576]}}