{"meta": [16777216, 67108864, 268435456, 1073741824], "ag": {"tput": [10.11225426625188, 5.549798872603659, 6.071437782833709, 5.967375653757556], "busbw": [9.480238374611135, 5.20293644306593, 5.691972921406603, 5.594414675397709]}, "rs": {"tput": [5.955738511597525, 5.353746139462621, 5.538155703516128, 6.2490344481831785], "busbw": [5.583504854622681, 5.019137005746207, 5.19202097204637, 5.85846979517173]}, "ar": {"tput": [9.627128572006798, 9.213611328656313, 10.428902733663262, 11.754971051875335], "busbw": [9.025433036256372, 8.637760620615294, 9.77709631280931, 11.020285361133126]}}