{"meta": [1048576, 2097152, 4194304, 8388608, 16777216, 33554432, 67108864, 134217728, 268435456, 536870912, 1073741824, 2147483648, 4294967296], "ag": {"tput": [8.961887949269485, 17.901888719259183, 34.99017660865397, 59.677517006033156, 89.96834900935114, 126.64221034403671, 154.1378474697274, 184.96339121635316, 207.06205183312625, 214.81566268321632, 228.88825724623538, 233.75286779490287, 235.50688466519202], "busbw": [4.480943974634743, 8.950944359629592, 17.495088304326984, 29.838758503016578, 44.98417450467557, 63.321105172018356, 77.0689237348637, 92.48169560817658, 103.53102591656312, 107.40783134160816, 114.44412862311769, 116.87643389745143, 117.75344233259601]}, "rs": {"tput": [8.783357154334215, 17.411110495265245, 33.45476094782923, 60.709812939059624, 94.61661794031933, 136.89085532081316, 170.46691903503876, 198.93454663143905, 214.51841608890615, 227.6471068894391, 235.4260158613297, 242.04166251133807, 241.82924472294903], "busbw": [4.391678577167108, 8.705555247632622, 16.727380473914614, 30.354906469529812, 47.308308970159665, 68.44542766040658, 85.23345951751938, 99.46727331571952, 107.25920804445308, 113.82355344471955, 117.71300793066484, 121.02083125566904, 120.91462236147451]}, "a2a": {"tput": [6.0948538125055425, 11.7689229625475, 23.520537528465805, 44.34073357130687, 74.52737150779919, 120.67523117284287, 180.04604004903317, 236.9567308939543, 283.52343351782224, 323.6111741555466, 382.5314064095418, 397.5354518899174, 387.7779358392177], "busbw": [3.0474269062527712, 5.88446148127375, 11.760268764232903, 22.170366785653435, 37.263685753899594, 60.337615586421435, 90.02302002451658, 118.47836544697715, 141.76171675891112, 161.8055870777733, 191.2657032047709, 198.7677259449587, 193.88896791960886]}}