{"meta": [16777216, 67108864, 268435456, 1073741824], "ag": {"tput": [7.583857790985683, 5.980357383842405, 5.794762633332276, 5.72369737316475], "busbw": [7.109866679049078, 5.606585047352254, 5.432589968749009, 5.365966287341953]}, "rs": {"tput": [5.730158361062728, 4.989756602952789, 4.606186070121912, 4.777448736833822], "busbw": [5.3720234634963075, 4.67789681526824, 4.318299440739292, 4.478858190781708]}, "ar": {"tput": [6.27598305747884, 6.0690431571997605, 7.193744699146068, 8.03700734236007], "busbw": [5.883734116386414, 5.689727959874775, 6.744135655449438, 7.534694383462565]}}