{"meta": [16777216, 67108864, 268435456], "ag": {"tput": [3.1833012435278634, 3.2294943494389012, 3.2420103614407023], "busbw": [2.9843449158073723, 3.02765095259897, 3.0393847138506582]}, "rs": {"tput": [3.0723133133386655, 3.117535966383617, 3.134541248700594], "busbw": [2.8802937312549988, 2.922689968484641, 2.938632420656807]}, "ar": {"tput": [3.1850577154702027, 3.208759000363117, 3.2147128067650637], "busbw": [2.985991608253315, 3.008211562840422, 3.0137932563422476]}}6]}}