{"meta": [16777216, 67108864, 268435456, 1073741824], "ag": {"tput": [32.436961453703326, 36.526255396459426, 39.227228306132815, 38.49661481217552], "busbw": [16.218480726851663, 18.263127698229713, 19.613614153066408, 19.24830740608776]}, "rs": {"tput": [30.21933529917719, 34.152124136797305, 38.0859244384744, 38.737809513889275], "busbw": [15.109667649588594, 17.076062068398652, 19.0429622192372, 19.368904756944637]}, "ar": {"tput": [39.33961938653473, 42.46819908427345, 43.21069029429342, 43.80362508554815], "busbw": [19.669809693267364, 21.234099542136725, 21.60534514714671, 21.901812542774074]}}