{"meta": [1048576, 2097152, 4194304, 8388608, 16777216, 33554432, 67108864, 134217728, 268435456, 536870912, 1073741824, 2147483648, 4294967296], "ag": {"tput": [13.693614107897563, 36.5286255075083, 61.71072891139525, 101.74958942673776, 125.86215492064434, 150.79757133287222, 170.86207379782672, 182.46715693694097, 187.25440953363085, 191.32085370801522, 193.9169876197602, 196.82548633150205, 198.05594164418565], "busbw": [11.981912344410368, 31.962547319069763, 53.99688779747084, 89.03089074839554, 110.12938555556381, 131.9478749162632, 149.50431457309838, 159.65876231982335, 163.847608341927, 167.40574699451332, 169.67736416729016, 172.2223005400643, 173.29894893866245]}, "rs": {"tput": [10.466555238229414, 22.097960111061425, 33.69101772803677, 101.45070344590233, 131.70268421797493, 159.35402197223428, 172.11713059250764, 183.1796380566954, 187.7784953815474, 191.9562019372292, 195.64126794199186, 197.79126817622165, 198.6178126736038], "busbw": [9.158235833450737, 19.335715097178745, 29.479640512032173, 88.76936551516454, 115.23984869072805, 139.434769225705, 150.60248926844417, 160.28218329960848, 164.30618345885398, 167.96167669507554, 171.18610944924285, 173.06735965419395, 173.79058608940332]}, "a2a": {"tput": [1.6489067433139, 3.1501246363958026, 6.600823985297638, 12.781767751237696, 40.70145420652669, 90.5996448791863, 136.09001436477106, 176.02362410184386, 204.85619796810875, 225.46745237029694, 243.02992153010737, 249.44229831722234, 252.37867324776576], "busbw": [1.4427934003996625, 2.7563590568463274, 5.775720987135434, 11.184046782332983, 35.61377243071085, 79.274689269288, 119.07876256917469, 154.0206710891134, 179.24917322209515, 197.28402082400981, 212.65118133884394, 218.26201102756954, 220.83133909179503]}}