{"meta": [16777216, 67108864, 268435456, 1073741824], "ag": {"tput": [37.710630816364514, 39.66948809012835, 40.016719193610044, 34.949155568695815], "busbw": [36.53217360335313, 38.429816587311834, 38.76619671880973, 33.856994457174075]}, "rs": {"tput": [30.31259361541783, 33.41214493561801, 33.572034166498874, 37.25806011363076], "busbw": [29.36532506493602, 32.368015406379946, 32.52290809879578, 36.09374573507979]}, "ar": {"tput": [38.46117396748526, 40.9884251545638, 41.12839633477471, 41.103312863328185], "busbw": [37.25926228100134, 39.70753686848368, 39.84313394931301, 39.818834336349184]}}