{"meta": [16777216, 67108864, 268435456, 1073741824], "ag": {"tput": [1.5617431030302833, 1.8147225310419066, 2.079666069725916, 1.6311557230472051], "busbw": [1.512938631060587, 1.758012451946847, 2.0146765050469817, 1.5801821067019801]}, "rs": {"tput": [2.040114783587196, 1.37169780939934, 1.4227543954317001, 2.3672706136553345], "busbw": [1.976361196600096, 1.3288322528556107, 1.3782933205744596, 2.2932934069786053]}, "ar": {"tput": [1.9075155171816591, 2.4042985608314944, 1.5430155985097804, 1.4909937594764044], "busbw": [1.8479056572697325, 2.32916423080551, 1.4947963610563497, 1.4444002044927668]}}}}4]}}