{"meta": [16777216, 67108864, 268435456, 1073741824], "ag": {"tput": [3.427801147662334, 3.765086453677597, 4.421365471927327, 3.0715571142262905], "busbw": [3.28497609984307, 3.6082078514410303, 4.237141910597022, 2.9435755678001954]}, "rs": {"tput": [4.748288426568419, 4.495502328576264, 4.205604706808628, 5.352068300162742], "busbw": [4.550443075461402, 4.308189731552254, 4.030371177358269, 5.129065454322628]}, "ar": {"tput": [4.549073990610232, 5.4183774247054455, 5.866101401620741, 4.974918733061156], "busbw": [4.359529241001472, 5.192611698676052, 5.621680509886543, 4.767630452516942]}}