{"meta": [16777216, 67108864, 268435456, 1073741824], "ag": {"tput": [25.404337326545246, 27.194336187687163, 27.726744325919768, 27.9814713595954], "busbw": [19.053252994908934, 20.395752140765374, 20.795058244439826, 20.98610351969655]}, "rs": {"tput": [25.246203916931798, 26.826813635776332, 27.255691446922302, 27.598604549397688], "busbw": [18.93465293769885, 20.12011022683225, 20.441768585191728, 20.69895341204827]}, "ar": {"tput": [28.22823041003831, 29.04993386663254, 29.21762988774149, 29.490557565283673], "busbw": [21.171172807528734, 21.787450399974404, 21.91322241580612, 22.117918173962753]}}