{"meta": [1024, 2048, 4096, 8192, 16384, 32768, 65536, 131072, 262144, 524288, 1048576, 2097152, 4194304, 8388608, 16777216, 33554432, 67108864, 134217728, 268435456, 536870912, 1073741824], "ag": {"tput": [0.0053766901444331425, 0.003616211863075452, 0.019913397909540945, 0.02599359236022632, 0.05573544123767362, 0.17608620757122648, 0.2205013542342029, 0.705965356660799, 8.269595445510499, 13.939925550250397, 26.77314299720888, 43.232896279539624, 59.960585822052686, 71.1244413671904, 78.85373457518085, 83.91592061136052, 79.14427823697059, 87.27370660141327, 90.71820858657495, 91.0871589337263, 87.40886301354473], "busbw": [0.0050406470104060715, 0.0033901986216332363, 0.018668810540194633, 0.024368992837712176, 0.052251976160319014, 0.1650808195980248, 0.2067200195945652, 0.661842521869499, 7.752745730166092, 13.068680203359747, 25.099821559883324, 40.530840262068395, 56.21304920817439, 66.679163781741, 73.92537616423203, 78.67117557315048, 74.19776084715993, 81.81909993882493, 85.04832054991401, 85.39421150036841, 81.9458090751982]}, "rs": {"tput": [0.04742544978329883, 0.09557646277607788, 0.19818162000288392, 0.38797164000564577, 0.7474586184745071, 1.4582382331246684, 2.8222758360025666, 5.5742034361267425, 10.350374217150028, 18.382639544844306, 26.722307915568607, 43.54052439579086, 58.984697550430845, 71.18139847694243, 79.40802427421178, 83.61677733699399, 87.39819057055475, 89.58494904112301, 90.35042243253953, 91.23762929298555, 91.64212766812376], "busbw": [0.04446135917184265, 0.08960293385257301, 0.18579526875270366, 0.3637234125052929, 0.7007424548198504, 1.3670983435543766, 2.6458835962524065, 5.225815721368821, 9.703475828578151, 17.23372457329154, 25.05216367084557, 40.81924162105393, 55.29815395352892, 66.73256107213354, 74.44502275707354, 78.39072875343187, 81.93580365989509, 83.98588972605283, 84.70352103050581, 85.53527746217395, 85.91449468886603]}, "ar": {"tput": [0.17331519983858765, 0.3560594649533679, 0.7033123418609809, 1.3698234565315617, 2.514127197658537, 4.758074119477821, 8.152078797227063, 14.692805716383074, 26.729074769940745, 42.11175594115141, 58.81215560189219, 73.14838272106445, 78.76730844008843, 84.02656153360546, 91.53161672884592, 97.94124512215826, 99.99703121936976, 92.02209409136272, 102.01034865967564, 102.44849661540142, 99.38752295696435], "busbw": [0.1624829998486759, 0.33380574839378235, 0.6593553204946696, 1.284209490498339, 2.356994247804878, 4.460694487010458, 7.64257387240037, 13.774505359109131, 25.05850759681945, 39.479771194829446, 55.136395876773925, 68.57660880099793, 73.8443516625829, 78.7749014377551, 85.81089068329304, 91.81991730202337, 93.74721676815915, 86.27071321065254, 95.63470186844592, 96.04546557693884, 93.17580277215407]}}
