{"meta": [16777216, 67108864, 268435456, 4294967296, 17179869184], "a2a": {"tput": [2.653641862359019, 1.4468061380394057, 2.343403942477481, 3.0455744752154548, 4.022928950457014], "busbw": [2.4877892459615807, 1.356380754411943, 2.1969411960726384, 2.8552260705144885, 3.77149589105345]}}]}}