{"meta": [836043776], "ag": {"tput": [6.558541697403558], "busbw": [6.148632841315835]}, "rs": {"tput": [7.234532762831687], "busbw": [6.782374465154707]}, "ar": {"tput": [10.5971509957639], "busbw": [9.934829058528656]}}