{
    "2DMESH" : {
       "REAL_BD" : [
          5.8530799703497132e-05,
          0.00013261193586930575,
          0.00026113373200270442,
          0.00050822514303709601,
          0.0010263096729964522,
          0.0020288640645166152,
          0.0026318421360145986,
          0.007443989564496929,
          0.011139753725105127,
          0.030928306029065995,
          0.043997123512648499,
          0.080762821431721948,
          0.1581658737734089,
          0.34479243164614165,
          0.41184315958164641,
          0.6333309193573492,
          0.72673877775793294,
          0.78995424247980417,
          0.82106853991155049,
          0.83872142889860979,
          0.84573015876452495,
          0.8500227942112496,
          0.85264510064213495,
          0.8527876559646288
       ],
       "SIZE" : [
          1024.0,
          2048.0,
          4096.0,
          8192.0,
          16384.0,
          32768.0,
          65536.0,
          131072.0,
          262144.0,
          524288.0,
          1048576.0,
          2097152.0,
          4194304.0,
          8388608.0,
          16777216.0,
          33554432.0,
          67108864.0,
          134217728.0,
          268435456.0,
          536870912.0,
          1073741824.0,
          2147483648.0,
          4294967296.0,
          8589934592.0
       ],
       "comm_vol" : [
          1.1175870895385742e-06,
          2.2351741790771484e-06,
          4.4703483581542969e-06,
          8.9406967163085938e-06,
          1.7881393432617188e-05,
          3.5762786865234375e-05,
          7.152557373046875e-05,
          0.0001430511474609375,
          0.000286102294921875,
          0.00057220458984375,
          0.0011444091796875,
          0.002288818359375,
          0.00457763671875,
          0.0091552734375,
          0.018310546875,
          0.03662109375,
          0.0732421875,
          0.146484375,
          0.29296875,
          0.5859375,
          1.171875,
          2.34375,
          4.6875,
          9.375
       ],
       "time" : [
          0.019094,
          0.016854999999999998,
          0.017118999999999999,
          0.017592,
          0.017423000000000001,
          0.017627,
          0.027177,
          0.019217000000000001,
          0.025683000000000001,
          0.018501,
          0.026010999999999999,
          0.028340000000000001,
          0.028941999999999999,
          0.026553,
          0.04446,
          0.057822999999999999,
          0.100782,
          0.18543399999999999,
          0.35681400000000002,
          0.69860800000000001,
          1.385637,
          2.757279,
          5.497598,
          10.993358000000001
       ]
    },
    "3DMESH" : {
       "REAL_BD" : [
          0.0001060329306962594,
          0.00021277241114489752,
          0.00042881039406755843,
          0.00084890777784927781,
          0.0016845401255409505,
          0.003373211362500884,
          0.0067134948123210763,
          0.013270050784873609,
          0.025844832422933603,
          0.049683475717960411,
          0.09069655885936756,
          0.15436827135462333,
          0.23699905352057987,
          0.38029714370274981,
          0.48924669681504834,
          0.55871681669082307,
          0.62286597811019739,
          0.66436137403680007,
          0.68880178026054995,
          0.70482192927692711,
          0.70709121604906233,
          0.70637879263250314,
          0.70611298771883102,
          0.70585817107065696
       ],
       "SIZE" : [
          1024.0,
          2048.0,
          4096.0,
          8192.0,
          16384.0,
          32768.0,
          65536.0,
          131072.0,
          262144.0,
          524288.0,
          1048576.0,
          2097152.0,
          4194304.0,
          8388608.0,
          16777216.0,
          33554432.0,
          67108864.0,
          134217728.0,
          268435456.0,
          536870912.0,
          1073741824.0,
          2147483648.0,
          4294967296.0,
          8589934592.0
       ],
       "comm_vol" : [
          1.1175870895385742e-06,
          2.2351741790771484e-06,
          4.4703483581542969e-06,
          8.9406967163085938e-06,
          1.7881393432617188e-05,
          3.5762786865234375e-05,
          7.152557373046875e-05,
          0.0001430511474609375,
          0.000286102294921875,
          0.00057220458984375,
          0.0011444091796875,
          0.002288818359375,
          0.00457763671875,
          0.0091552734375,
          0.018310546875,
          0.03662109375,
          0.0732421875,
          0.146484375,
          0.29296875,
          0.5859375,
          1.171875,
          2.34375,
          4.6875,
          9.375
       ],
       "time" : [
          0.010540000000000001,
          0.010505,
          0.010425,
          0.010532,
          0.010614999999999999,
          0.010602,
          0.010654,
          0.01078,
          0.01107,
          0.011516999999999999,
          0.012618000000000001,
          0.014827,
          0.019314999999999999,
          0.024074000000000002,
          0.037426000000000001,
          0.065545000000000006,
          0.117589,
          0.22048899999999999,
          0.42533100000000001,
          0.83132700000000004,
          1.6573180000000001,
          3.3179789999999998,
          6.6384559999999997,
          13.281705000000001
       ]
    },
    "BRUCK" : {
       "REAL_BD" : [
          4.3560457185008347e-05,
          8.5383687794222189e-05,
          0.00017074780788183403,
          0.00034534731802343059,
          0.00068450765350906045,
          0.001377292877810767,
          0.0027616051633385617,
          0.005484038622232605,
          0.010430269592485417,
          0.021825708122353817,
          0.043698086207472606,
          0.0886863902423667,
          0.16544279586360186,
          0.27682853886973879,
          0.37566260873579255,
          0.44818374433973807,
          0.48633913571803261,
          0.51783953039494335,
          0.53148186782286888,
          0.53379530683749932,
          0.53332450432393907,
          0.53252606736400787,
          0.53128585116923688,
          0.53093372808751549
       ],
       "SIZE" : [
          1024.0,
          2048.0,
          4096.0,
          8192.0,
          16384.0,
          32768.0,
          65536.0,
          131072.0,
          262144.0,
          524288.0,
          1048576.0,
          2097152.0,
          4194304.0,
          8388608.0,
          16777216.0,
          33554432.0,
          67108864.0,
          134217728.0,
          268435456.0,
          536870912.0,
          1073741824.0,
          2147483648.0,
          4294967296.0,
          8589934592.0
       ],
       "comm_vol" : [
          1.1175870895385742e-06,
          2.2351741790771484e-06,
          4.4703483581542969e-06,
          8.9406967163085938e-06,
          1.7881393432617188e-05,
          3.5762786865234375e-05,
          7.152557373046875e-05,
          0.0001430511474609375,
          0.000286102294921875,
          0.00057220458984375,
          0.0011444091796875,
          0.002288818359375,
          0.00457763671875,
          0.0091552734375,
          0.018310546875,
          0.03662109375,
          0.0732421875,
          0.146484375,
          0.29296875,
          0.5859375,
          1.171875,
          2.34375,
          4.6875,
          9.375
       ],