{
    "2DMESH" : {
       "REAL_BD" : [
          0.00061905464540824601,
          0.0014499406797175908,
          0.0029128720721021688,
          0.0056642703409597109,
          0.01134426228873414,
          0.02193615448893042,
          0.016067520950333449,
          0.078451357647814912,
          0.089731191193766532,
          0.3276175858829844,
          0.252454803184889,
          0.76373501042752867,
          1.0186674200278163,
          1.9083425612298073,
          1.9783155513539066,
          2.5174543501611168,
          2.9024408366459857,
          2.991518446899351,
          3.0656189607306472,
          3.0990608605968051,
          3.1180960157384856,
          3.1233290189748484,
          3.1220236707672018,
          3.1229648678944222
       ],
       "SIZE" : [
          1024.0,
          2048.0,
          4096.0,
          8192.0,
          16384.0,
          32768.0,
          65536.0,
          131072.0,
          262144.0,
          524288.0,
          1048576.0,
          2097152.0,
          4194304.0,
          8388608.0,
          16777216.0,
          33554432.0,
          67108864.0,
          134217728.0,
          268435456.0,
          536870912.0,
          1073741824.0,
          2147483648.0,
          4294967296.0,
          8589934592.0
       ],
       "comm_vol" : [
          3.5762786865234375e-06,
          7.152557373046875e-06,
          1.430511474609375e-05,
          2.86102294921875e-05,
          5.7220458984375e-05,
          0.00011444091796875,
          0.0002288818359375,
          0.000457763671875,
          0.00091552734375,
          0.0018310546875,
          0.003662109375,
          0.00732421875,
          0.0146484375,
          0.029296875,
          0.05859375,
          0.1171875,
          0.234375,
          0.46875,
          0.9375,
          1.875,
          3.75,
          7.5,
          15.0,
          30.0
       ],
       "time" : [
          0.005777,
          0.0049329999999999999,
          0.0049109999999999996,
          0.0050509999999999999,
          0.0050439999999999999,
          0.0052170000000000003,
          0.014245000000000001,
          0.0058349999999999999,
          0.010203,
          0.0055890000000000002,
          0.014506,
          0.0095899999999999996,
          0.01438,
          0.015351999999999999,
          0.029617999999999998,
          0.046550000000000001,
          0.080751000000000003,
          0.156693,
          0.305811,
          0.60502199999999995,
          1.2026570000000001,
          2.401284,
          4.804576,
          9.6062560000000001
       ]
    },
    "3DMESH" : {
       "REAL_BD" : [
          0.001055572221524037,
          0.0021569835262505656,
          0.0042461011416128677,
          0.0085968237656813412,
          0.016944169080359787,
          0.034658061165581469,
          0.065600984791487529,
          0.13685012612107625,
          0.25138037994233936,
          0.45707805479281077,
          0.72704176593210246,
          1.0451225385273972,
          1.4642580467812873,
          1.7604179185194087,
          1.9684791372707116,
          2.0563539692566857,
          2.1509792404691543,
          2.5874345896535735,
          2.6420284014530449,
          2.6697802236919856,
          2.6791589298510456,
          2.682659610198828,
          2.6807825955015399,
          2.6803026168866566
       ],
       "SIZE" : [
          1024.0,
          2048.0,
          4096.0,
          8192.0,
          16384.0,
          32768.0,
          65536.0,
          131072.0,
          262144.0,
          524288.0,
          1048576.0,
          2097152.0,
          4194304.0,
          8388608.0,
          16777216.0,
          33554432.0,
          67108864.0,
          134217728.0,
          268435456.0,
          536870912.0,
          1073741824.0,
          2147483648.0,
          4294967296.0,
          8589934592.0
       ],
       "comm_vol" : [
          3.5762786865234375e-06,
          7.152557373046875e-06,
          1.430511474609375e-05,
          2.86102294921875e-05,
          5.7220458984375e-05,
          0.00011444091796875,
          0.0002288818359375,
          0.000457763671875,
          0.00091552734375,
          0.0018310546875,
          0.003662109375,
          0.00732421875,
          0.0146484375,
          0.029296875,
          0.05859375,
          0.1171875,
          0.234375,
          0.46875,
          0.9375,
          1.875,
          3.75,
          7.5,
          15.0,
          30.0
       ],
       "time" : [
          0.003388,
          0.0033159999999999999,
          0.003369,
          0.0033279999999999998,
          0.0033769999999999998,
          0.0033019999999999998,
          0.0034889999999999999,
          0.0033449999999999999,
          0.0036419999999999998,
          0.004006,
          0.0050369999999999998,
          0.0070080000000000003,
          0.010004000000000001,
          0.016642000000000001,
          0.029766000000000001,
          0.056987999999999997,
          0.108962,
          0.18116399999999999,
          0.35484100000000002,
          0.70230499999999996,
          1.3996930000000001,
          2.7957329999999998,
          5.5953809999999997,
          11.192766000000001
       ]
    },
    "BRUCK" : {
       "REAL_BD" : [
          0.0011127189441578836,
          0.0022641840370518757,
          0.0043560032722575366,
          0.008838501542226599,
          0.018084847972305626,
          0.036181131194672776,
          0.07163750733568075,
          0.14296179633822612,
          0.26919357358129964,
          0.50303700206043955,
          0.81380208333333337,
          1.1659055635148041,
          1.4860949071725678,
          1.7932836506090468,
          2.0027258433879074,
          2.1446022363340229,
          2.2207851274908323,
          2.3977472684863117,
          2.4454629163482129,
          2.4673617389175981,
          2.4791110106244783,
          2.4828640996058868,
          2.4835123752593824,
          2.4840207087838451
       ],
       "SIZE" : [
          1024.0,
          2048.0,
          4096.0,
          8192.0,
          16384.0,
          32768.0,
          65536.0,
          131072.0,
          262144.0,
          524288.0,
          1048576.0,
          2097152.0,
          4194304.0,
          8388608.0,
          16777216.0,
          33554432.0,
          67108864.0,
          134217728.0,
          268435456.0,
          536870912.0,
          1073741824.0,
          2147483648.0,
          4294967296.0,
          8589934592.0
       ],
       "comm_vol" : [
          3.5762786865234375e-06,
          7.152557373046875e-06,
          1.430511474609375e-05,
          2.86102294921875e-05,
          5.7220458984375e-05,
          0.00011444091796875,
          0.0002288818359375,
          0.000457763671875,
          0.00091552734375,
          0.0018310546875,
          0.003662109375,
          0.00732421875,
          0.0146484375,
          0.029296875,
          0.05859375,
          0.1171875,
          0.234375,
          0.46875,
          0.9375,
          1.875,
          3.75,
          7.5,
          15.0,
          30.0
       ],
       "time" : [
          0.0032139999999999998,
          0.0031589999999999999,
          0.003284,
          0.0032369999999999999,
          0.0031640000000000001,
          0.003163,
          0.0031949999999999999,
          0.003202,
          0.0034009999999999999,
          0.00364,
          0.0044999999999999997,
          0.0062820000000000003,
          0.0098569999999999994,
          0.016337000000000001,
          0.029256999999999998,
          0.054642999999999997,
          0.10553700000000001,
          0.195496,
          0.38336300000000001,
          0.75992099999999996,
          1.5126390000000001,
          3.020705,
          6.0398329999999998,
          12.077194
       ]
    },