{
    "2DMESH" : {
       "REAL_BD" : [
          0.00024139812163141307,
          0.00037663162432545081,
          0.00095520264063125989,
          0.0018975896005809408,
          0.0037382238855659931,
          0.0074364712207237935,
          0.0077086838508588339,
          0.026115286904034231,
          0.032224559053128578,
          0.11239768855887615,
          0.12496229708979234,
          0.40783323191103477,
          0.43869606094054836,
          1.0566897761701601,
          1.0561673413262467,
          1.6305935882451159,
          1.8832043141090098,
          2.0244732204996079,
          2.0976452673287072,
          2.1276202555284085,
          2.14352557287252,
          2.1375413828011713,
          2.1365173546252549,
          2.131056828831567
       ],
       "SIZE" : [
          1024.0,
          2048.0,
          4096.0,
          8192.0,
          16384.0,
          32768.0,
          65536.0,
          131072.0,
          262144.0,
          524288.0,
          1048576.0,
          2097152.0,
          4194304.0,
          8388608.0,
          16777216.0,
          33554432.0,
          67108864.0,
          134217728.0,
          268435456.0,
          536870912.0,
          1073741824.0,
          2147483648.0,
          4294967296.0,
          8589934592.0
       ],
       "comm_vol" : [
          2.0861625671386719e-06,
          4.1723251342773438e-06,
          8.3446502685546875e-06,
          1.6689300537109375e-05,
          3.337860107421875e-05,
          6.67572021484375e-05,
          0.000133514404296875,
          0.00026702880859375,
          0.0005340576171875,
          0.001068115234375,
          0.00213623046875,
          0.0042724609375,
          0.008544921875,
          0.01708984375,
          0.0341796875,
          0.068359375,
          0.13671875,
          0.2734375,
          0.546875,
          1.09375,
          2.1875,
          4.375,
          8.75,
          17.5
       ],
       "time" : [
          0.0086420000000000004,
          0.011077999999999999,
          0.0087360000000000007,
          0.0087950000000000007,
          0.0089289999999999994,
          0.0089770000000000006,
          0.017319999999999999,
          0.010225,
          0.016573000000000001,
          0.0095029999999999993,
          0.017094999999999999,
          0.010475999999999999,
          0.019477999999999999,
          0.016173,
          0.032362000000000002,
          0.041923000000000002,
          0.072598999999999997,
          0.13506599999999999,
          0.26070900000000002,
          0.51407199999999997,
          1.0205150000000001,
          2.0467439999999999,
          4.0954499999999996,
          8.2118880000000001
       ]
    },
    "3DMESH" : {
       "REAL_BD" : [
          0.00044395883531361395,
          0.00088060893505220424,
          0.0017384688059488933,
          0.0035471414531582095,
          0.0070167334610508197,
          0.014095693021207244,
          0.028233115732052234,
          0.055469216575353142,
          0.10479937542925824,
          0.18409431823078248,
          0.29275462090585175,
          0.49381194377022652,
          0.72457575468498259,
          0.92572687015871291,
          1.185107572552963,
          1.4844920628026668,
          1.6448555685222392,
          1.7316363429107007,
          1.7851313856699853,
          1.8128613291609208,
          1.8224094293754904,
          1.8275678267858366,
          1.8291204334701865,
          1.8301480391061851
       ],
       "SIZE" : [
          1024.0,
          2048.0,
          4096.0,
          8192.0,
          16384.0,
          32768.0,
          65536.0,
          131072.0,
          262144.0,
          524288.0,
          1048576.0,
          2097152.0,
          4194304.0,
          8388608.0,
          16777216.0,
          33554432.0,
          67108864.0,
          134217728.0,
          268435456.0,
          536870912.0,
          1073741824.0,
          2147483648.0,
          4294967296.0,
          8589934592.0
       ],
       "comm_vol" : [
          2.0861625671386719e-06,
          4.1723251342773438e-06,
          8.3446502685546875e-06,
          1.6689300537109375e-05,
          3.337860107421875e-05,
          6.67572021484375e-05,
          0.000133514404296875,
          0.00026702880859375,
          0.0005340576171875,
          0.001068115234375,
          0.00213623046875,
          0.0042724609375,
          0.008544921875,
          0.01708984375,
          0.0341796875,
          0.068359375,
          0.13671875,
          0.2734375,
          0.546875,
          1.09375,
          2.1875,
          4.375,
          8.75,
          17.5
       ],
       "time" : [
          0.0046990000000000001,
          0.004738,
          0.0047999999999999996,
          0.004705,
          0.0047569999999999999,
          0.0047359999999999998,
          0.0047289999999999997,
          0.0048139999999999997,
          0.0050959999999999998,
          0.0058019999999999999,
          0.0072969999999999997,
          0.008652,
          0.011793,
          0.018461000000000002,
          0.028840999999999999,
          0.046049,
          0.083118999999999998,
          0.15790699999999999,
          0.30635000000000001,
          0.60332799999999998,
          1.200334,
          2.3938920000000001,
          4.7837199999999998,
          9.562068
       ]
    },
    "BRUCK" : {
       "REAL_BD" : [
          0.00022589740846114476,
          0.00045390830442529849,
          0.00090673152977884257,
          0.00182257295370857,
          0.0036387878637543602,
          0.0072436200247870553,
          0.014399741619593938,
          0.029091274495451576,
          0.058144541882144796,
          0.11649200942032938,
          0.2307691983093875,
          0.42592572400558271,
          0.65609043880528251,
          0.89009602864583337,
          1.2226681273475228,
          1.4355181646367072,
          1.5906222005049271,
          1.6935204166950533,
          1.7590683491535564,
          1.7894597344973477,
          1.8048709651336059,
          1.8098929784426234,
          1.8097114285862017,
          1.8112358931892458
       ],
       "SIZE" : [
          1024.0,
          2048.0,
          4096.0,
          8192.0,
          16384.0,
          32768.0,
          65536.0,
          131072.0,
          262144.0,
          524288.0,
          1048576.0,
          2097152.0,
          4194304.0,
          8388608.0,
          16777216.0,
          33554432.0,
          67108864.0,
          134217728.0,
          268435456.0,
          536870912.0,
          1073741824.0,
          2147483648.0,
          4294967296.0,
          8589934592.0
       ],
       "comm_vol" : [
          2.0861625671386719e-06,
          4.1723251342773438e-06,
          8.3446502685546875e-06,
          1.6689300537109375e-05,
          3.337860107421875e-05,
          6.67572021484375e-05,
          0.000133514404296875,
          0.00026702880859375,
          0.0005340576171875,
          0.001068115234375,
          0.00213623046875,
          0.0042724609375,
          0.008544921875,
          0.01708984375,
          0.0341796875,
          0.068359375,
          0.13671875,
          0.2734375,
          0.546875,
          1.09375,
          2.1875,
          4.375,
          8.75,
          17.5
       ],