{
   "2DMESH" : {
      "REAL_BD" : [
         4.5817771791512554e-05,
         0.00016143103994490455,
         0.00020793285074442052,
         0.00061711048566459104,
         0.00082145320804011344,
         0.0023827561373332253,
         0.0030625379460701668,
         0.0087300834530048502,
         0.018424928833196484,
         0.03569808408782519,
         0.069249012446296748,
         0.12995789003946173,
         0.22916829630788485,
         0.36794765040993488,
         0.49936039257663356,
         0.5607701362835924,
         0.73315503003003002,
         0.76529912542840428,
         0.82468100019422885,
         0.81648855748985205,
         0.84696120258191721,
         0.8496801214911156,
         0.85296859456068985,
         0.85316692376946701
      ],
      "SIZE" : [
         1024.0,
         2048.0,
         4096.0,
         8192.0,
         16384.0,
         32768.0,
         65536.0,
         131072.0,
         262144.0,
         524288.0,
         1048576.0,
         2097152.0,
         4194304.0,
         8388608.0,
         16777216.0,
         33554432.0,
         67108864.0,
         134217728.0,
         268435456.0,
         536870912.0,
         1073741824.0,
         2147483648.0,
         4294967296.0,
         8589934592.0
      ],
      "comm_vol" : [
         1.1175870895385742e-06,
         2.2351741790771484e-06,
         4.4703483581542969e-06,
         8.9406967163085938e-06,
         1.7881393432617188e-05,
         3.5762786865234375e-05,
         7.152557373046875e-05,
         0.0001430511474609375,
         0.000286102294921875,
         0.00057220458984375,
         0.0011444091796875,
         0.002288818359375,
         0.00457763671875,
         0.0091552734375,
         0.018310546875,
         0.03662109375,
         0.0732421875,
         0.146484375,
         0.29296875,
         0.5859375,
         1.171875,
         2.34375,
         4.6875,
         9.375
      ],
      "time" : [
         0.024392,
         0.013846000000000001,
         0.021499000000000001,
         0.014487999999999999,
         0.021767999999999999,
         0.015009,
         0.023355000000000001,
         0.016386000000000001,
         0.015528,
         0.016029000000000002,
         0.016525999999999999,
         0.017611999999999999,
         0.019975,
         0.024882000000000001,
         0.036667999999999999,
         0.065305000000000002,
         0.099900000000000003,
         0.19140799999999999,
         0.35525099999999998,
         0.71763100000000002,
         1.383623,
         2.758391,
         5.4955129999999999,
         10.988471000000001
      ]
   },
   "3DMESH" : {
      "REAL_BD" : [
         2.7516609369409684e-05,
         5.5777560429145526e-05,
         0.00011149391091543328,
         0.00022111281603335214,
         0.00043725133714677067,
         0.00089015299843773327,
         0.0017820358704055796,
         0.0034985239908273008,
         0.0071588213417208809,
         0.014273712578421223,
         0.028190195578074194,
         0.056362342322514712,
         0.11130219604041043,
         0.20646025251443262,
         0.32885911878805296,
         0.45225743757255416,
         0.56025967841871349,
         0.6326088505588281,
         0.66862807076802289,
         0.68811581778252751,
         0.69807567899866685,
         0.70276476278259759,
         0.70484545727666659,
         0.70540603622905207
      ],
      "SIZE" : [
         1024.0,
         2048.0,
         4096.0,
         8192.0,
         16384.0,
         32768.0,
         65536.0,
         131072.0,
         262144.0,
         524288.0,
         1048576.0,
         2097152.0,
         4194304.0,
         8388608.0,
         16777216.0,
         33554432.0,
         67108864.0,
         134217728.0,
         268435456.0,
         536870912.0,
         1073741824.0,
         2147483648.0,
         4294967296.0,
         8589934592.0
      ],
      "comm_vol" : [
         1.1175870895385742e-06,
         2.2351741790771484e-06,
         4.4703483581542969e-06,
         8.9406967163085938e-06,
         1.7881393432617188e-05,
         3.5762786865234375e-05,
         7.152557373046875e-05,
         0.0001430511474609375,
         0.000286102294921875,
         0.00057220458984375,
         0.0011444091796875,
         0.002288818359375,
         0.00457763671875,
         0.0091552734375,
         0.018310546875,
         0.03662109375,
         0.0732421875,
         0.146484375,
         0.29296875,
         0.5859375,
         1.171875,
         2.34375,
         4.6875,
         9.375
      ],
      "time" : [
         0.040614999999999998,
         0.040072999999999998,
         0.040094999999999999,
         0.040434999999999999,
         0.040895000000000001,
         0.040176000000000003,
         0.040136999999999999,
         0.040889000000000002,
         0.039965000000000001,
         0.040087999999999999,
         0.040596,
         0.040608999999999999,
         0.041127999999999998,
         0.044344000000000001,
         0.055678999999999999,
         0.080974000000000004,
         0.13072900000000001,
         0.23155600000000001,
         0.438164,
         0.85150999999999999,
         1.678722,
         3.3350420000000001,
         6.6503940000000004,
         13.290217999999999
      ]
   },
   "BRUCK" : {
      "REAL_BD" : [
         5.3304735740655076e-05,
         0.00010688987514117682,
         0.00020844672004822795,
         0.00042749816947062227,
         0.00085712747735678209,
         0.0016822421969629039,
         0.0033847044165468835,
         0.0067232761884164823,
         0.013194165971309492,
         0.026284087728238401,
         0.051174224374524881,
         0.096652099124825808,
         0.16562237124172366,
         0.2791752588125877,
         0.36316039022213409,
         0.44234784932598925,
         0.48610995885046793,
         0.51750657109143716,
         0.53145680047019894,
         0.53414323311457867,
         0.53267457066713697,
         0.53189364804946238,
         0.53097802243734715,
         0.53087287675623362
      ],
      "SIZE" : [
         1024.0,
         2048.0,
         4096.0,
         8192.0,
         16384.0,
         32768.0,
         65536.0,
         131072.0,
         262144.0,
         524288.0,
         1048576.0,
         2097152.0,
         4194304.0,
         8388608.0,
         16777216.0,
         33554432.0,
         67108864.0,
         134217728.0,
         268435456.0,
         536870912.0,
         1073741824.0,
         2147483648.0,
         4294967296.0,
         8589934592.0
      ],
      "comm_vol" : [
         1.1175870895385742e-06,
         2.2351741790771484e-06,
         4.4703483581542969e-06,
         8.9406967163085938e-06,
         1.7881393432617188e-05,
         3.5762786865234375e-05,
         7.152557373046875e-05,
         0.0001430511474609375,
         0.000286102294921875,
         0.00057220458984375,
         0.0011444091796875,
         0.002288818359375,
         0.00457763671875,
         0.0091552734375,
         0.018310546875,
         0.03662109375,
         0.0732421875,
         0.146484375,
         0.29296875,
         0.5859375,
         1.171875,
         2.34375,
         4.6875,
         9.375
      ],
      "time" : [
         0.020965999999999999,
         0.020910999999999999,
         0.021446,
         0.020913999999999999,
         0.020861999999999999,
         0.021259,
         0.021132000000000001,
         0.021277000000000001,
         0.021683999999999998,
         0.021770000000000001,
         0.022363000000000001,
         0.023681000000000001,
         0.027639,
         0.032793999999999997,
         0.05042,
         0.082788,
         0.15067,
         0.28305799999999998,
         0.55125599999999997,
         1.096967,
         2.199983,
         4.4064259999999997,
         8.828049,
         17.659594999999999
      ]
   },