{
   "2DMESH" : {
      "REAL_BD" : [
         0.00037315094809301305,
         0.0016953205435048294,
         0.0015692315430116002,
         0.0063976362907396016,
         0.0063388123390245923,
         0.024369871799137566,
         0.01710115331272415,
         0.084849614805375353,
         0.18361960364019253,
         0.34824166745910995,
         0.61116645110146861,
         0.67176178574704215,
         1.5148332471561532,
         1.9828680203045685,
         2.3012233917209963,
         2.1901340011587269,
         2.9102615044577447,
         2.935963121171504,
         3.0551988893740996,
         3.0361520699270348,
         3.1106340550557348,
         3.1117104034851155,
         3.1198879336254244,
         3.1191493206440795
      ],
      "SIZE" : [
         1024.0,
         2048.0,
         4096.0,
         8192.0,
         16384.0,
         32768.0,
         65536.0,
         131072.0,
         262144.0,
         524288.0,
         1048576.0,
         2097152.0,
         4194304.0,
         8388608.0,
         16777216.0,
         33554432.0,
         67108864.0,
         134217728.0,
         268435456.0,
         536870912.0,
         1073741824.0,
         2147483648.0,
         4294967296.0,
         8589934592.0
      ],
      "comm_vol" : [
         3.5762786865234375e-06,
         7.152557373046875e-06,
         1.430511474609375e-05,
         2.86102294921875e-05,
         5.7220458984375e-05,
         0.00011444091796875,
         0.0002288818359375,
         0.000457763671875,
         0.00091552734375,
         0.0018310546875,
         0.003662109375,
         0.00732421875,
         0.0146484375,
         0.029296875,
         0.05859375,
         0.1171875,
         0.234375,
         0.46875,
         0.9375,
         1.875,
         3.75,
         7.5,
         15.0,
         30.0
      ],
      "time" : [
         0.0095840000000000005,
         0.0042189999999999997,
         0.0091160000000000008,
         0.0044720000000000003,
         0.0090270000000000003,
         0.0046959999999999997,
         0.013384,
         0.0053949999999999996,
         0.004986,
         0.0052579999999999997,
         0.0059919999999999999,
         0.010902999999999999,
         0.0096699999999999998,
         0.014775,
         0.025461999999999999,
         0.053506999999999999,
         0.080533999999999994,
         0.15965799999999999,
         0.30685400000000002,
         0.61755800000000005,
         1.2055419999999999,
         2.41025,
         4.8078649999999996,
         9.6180070000000004
      ]
   },
   "3DMESH" : {
      "REAL_BD" : [
         0.00034663939968241134,
         0.00068596503050224176,
         0.001383072101526999,
         0.0027610721378293285,
         0.0055189485903139462,
         0.010987031295002881,
         0.022014219095652592,
         0.043813521427545937,
         0.088473844583494402,
         0.17580937950072009,
         0.3286466279278471,
         0.56887135922330101,
         0.96238338479731944,
         1.4557453416149069,
         1.7622180451127818,
         1.9593623033322745,
         2.0751066881518603,
         2.5437939567595729,
         2.6128981011546921,
         2.6539127874718331,
         2.670310631895187,
         2.6814089338110292,
         2.6823971975744691,
         2.6866370969417472
      ],
      "SIZE" : [
         1024.0,
         2048.0,
         4096.0,
         8192.0,
         16384.0,
         32768.0,
         65536.0,
         131072.0,
         262144.0,
         524288.0,
         1048576.0,
         2097152.0,
         4194304.0,
         8388608.0,
         16777216.0,
         33554432.0,
         67108864.0,
         134217728.0,
         268435456.0,
         536870912.0,
         1073741824.0,
         2147483648.0,
         4294967296.0,
         8589934592.0
      ],
      "comm_vol" : [
         3.5762786865234375e-06,
         7.152557373046875e-06,
         1.430511474609375e-05,
         2.86102294921875e-05,
         5.7220458984375e-05,
         0.00011444091796875,
         0.0002288818359375,
         0.000457763671875,
         0.00091552734375,
         0.0018310546875,
         0.003662109375,
         0.00732421875,
         0.0146484375,
         0.029296875,
         0.05859375,
         0.1171875,
         0.234375,
         0.46875,
         0.9375,
         1.875,
         3.75,
         7.5,
         15.0,
         30.0
      ],
      "time" : [
         0.010317,
         0.010427000000000001,
         0.010343,
         0.010362,
         0.010368,
         0.010416,
         0.010397,
         0.010448000000000001,
         0.010348,
         0.010415000000000001,
         0.011143,
         0.012874999999999999,
         0.015221,
         0.020125000000000001,
         0.033250000000000002,
         0.059809000000000001,
         0.112946,
         0.18427199999999999,
         0.35879699999999998,
         0.70650400000000002,
         1.404331,
         2.797037,
         5.5920129999999997,
         11.166376
      ]
   },
   "BRUCK" : {
      "REAL_BD" : [
         0.0012189088911122828,
         0.0023504953575573034,
         0.0048806259795611566,
         0.0098384558088677777,
         0.019495897439310052,
         0.039259320057890221,
         0.078653551868556701,
         0.15087794063117996,
         0.25645023634453784,
         0.4751050045407369,
         0.77603504450095362,
         1.1444091796875,
         1.459007719123506,
         1.7899966395796421,
         1.9992408216186706,
         2.1370930974742408,
         2.2281110371708337,
         2.3939511557357793,
         2.4438055069690816,
         2.4710491877167109,
         2.4799127070727107,
         2.4843469579337123,
         2.4862662794500312,
         2.4858322064917839
      ],
      "SIZE" : [
         1024.0,
         2048.0,
         4096.0,
         8192.0,
         16384.0,
         32768.0,
         65536.0,
         131072.0,
         262144.0,
         524288.0,
         1048576.0,
         2097152.0,
         4194304.0,
         8388608.0,
         16777216.0,
         33554432.0,
         67108864.0,
         134217728.0,
         268435456.0,
         536870912.0,
         1073741824.0,
         2147483648.0,
         4294967296.0,
         8589934592.0
      ],
      "comm_vol" : [
         3.5762786865234375e-06,
         7.152557373046875e-06,
         1.430511474609375e-05,
         2.86102294921875e-05,
         5.7220458984375e-05,
         0.00011444091796875,
         0.0002288818359375,
         0.000457763671875,
         0.00091552734375,
         0.0018310546875,
         0.003662109375,
         0.00732421875,
         0.0146484375,
         0.029296875,
         0.05859375,
         0.1171875,
         0.234375,
         0.46875,
         0.9375,
         1.875,
         3.75,
         7.5,
         15.0,
         30.0
      ],
      "time" : [
         0.002934,
         0.0030430000000000001,
         0.002931,
         0.002908,
         0.0029350000000000001,
         0.0029150000000000001,
         0.0029099999999999998,
         0.0030339999999999998,
         0.0035699999999999998,
         0.0038539999999999998,
         0.0047190000000000001,
         0.0064000000000000003,
         0.01004,
         0.016367,
         0.029308000000000001,
         0.054835000000000002,
         0.10519000000000001,
         0.19580600000000001,
         0.38362299999999999,
         0.75878699999999999,
         1.5121500000000001,
         3.0189020000000002,
         6.0331429999999999,
         12.068393
      ]
   },