{
   "2DMESH" : {
      "REAL_BD" : [
         0.00046445177747057631,
         0.0016861285650746993,
         0.001691711772243821,
         0.0061620136748196204,
         0.0061819856292539971,
         0.025487955004175947,
         0.048338296924498418,
         0.058321273012485665,
         0.16897883790143964,
         0.32345074854266032,
         0.55444502271006812,
         0.56197489066216533,
         1.038822601233955,
         1.4065425608526574,
         1.8023300522916028,
         1.9130779025728093,
         1.4164541355928106,
         2.0966212529184967,
         2.1837773874801423,
         2.1769873281921601,
         2.2018064207023822,
         2.204819500246793,
         2.208516658620304,
         2.2086960042848705
      ],
      "SIZE" : [
         1024.0,
         2048.0,
         4096.0,
         8192.0,
         16384.0,
         32768.0,
         65536.0,
         131072.0,
         262144.0,
         524288.0,
         1048576.0,
         2097152.0,
         4194304.0,
         8388608.0,
         16777216.0,
         33554432.0,
         67108864.0,
         134217728.0,
         268435456.0,
         536870912.0,
         1073741824.0,
         2147483648.0,
         4294967296.0,
         8589934592.0
      ],
      "comm_vol" : [
         3.5762786865234375e-06,
         7.152557373046875e-06,
         1.430511474609375e-05,
         2.86102294921875e-05,
         5.7220458984375e-05,
         0.00011444091796875,
         0.0002288818359375,
         0.000457763671875,
         0.00091552734375,
         0.0018310546875,
         0.003662109375,
         0.00732421875,
         0.0146484375,
         0.029296875,
         0.05859375,
         0.1171875,
         0.234375,
         0.46875,
         0.9375,
         1.875,
         3.75,
         7.5,
         15.0,
         30.0
      ],
      "time" : [
         0.0077000000000000002,
         0.0042420000000000001,
         0.008456,
         0.0046430000000000004,
         0.0092560000000000003,
         0.0044900000000000001,
         0.0047349999999999996,
         0.0078490000000000001,
         0.0054180000000000001,
         0.0056610000000000002,
         0.0066049999999999998,
         0.013032999999999999,
         0.014101000000000001,
         0.020829,
         0.032509999999999997,
         0.061255999999999998,
         0.165466,
         0.22357399999999999,
         0.42930200000000002,
         0.86128199999999999,
         1.703147,
         3.4016389999999999,
         6.7918890000000003,
         13.582675
      ]
   },
   "3DMESH" : {
      "REAL_BD" : [
         0.00032746806029882223,
         0.0006669673044616631,
         0.0013490300590431677,
         0.0026871634725450831,
         0.0053377293828708022,
         0.01046747626166194,
         0.021329031398518314,
         0.042785650236003364,
         0.081882420512476517,
         0.16036562335785604,
         0.30255364961996034,
         0.53251554093354658,
         0.84511841573876412,
         1.2286896074484146,
         1.5577229828525854,
         1.6997490717103736,
         1.8406750909048071,
         1.9078842936859715,
         1.9527832629289874,
         1.9652707828695468,
         1.9634227432418989,
         1.9657544604934463,
         1.9675720515047401,
         1.9691908279817292
      ],
      "SIZE" : [
         1024.0,
         2048.0,
         4096.0,
         8192.0,
         16384.0,
         32768.0,
         65536.0,
         131072.0,
         262144.0,
         524288.0,
         1048576.0,
         2097152.0,
         4194304.0,
         8388608.0,
         16777216.0,
         33554432.0,
         67108864.0,
         134217728.0,
         268435456.0,
         536870912.0,
         1073741824.0,
         2147483648.0,
         4294967296.0,
         8589934592.0
      ],
      "comm_vol" : [
         3.5762786865234375e-06,
         7.152557373046875e-06,
         1.430511474609375e-05,
         2.86102294921875e-05,
         5.7220458984375e-05,
         0.00011444091796875,
         0.0002288818359375,
         0.000457763671875,
         0.00091552734375,
         0.0018310546875,
         0.003662109375,
         0.00732421875,
         0.0146484375,
         0.029296875,
         0.05859375,
         0.1171875,
         0.234375,
         0.46875,
         0.9375,
         1.875,
         3.75,
         7.5,
         15.0,
         30.0
      ],
      "time" : [
         0.010921,
         0.010723999999999999,
         0.010604000000000001,
         0.010647,
         0.01072,
         0.010933,
         0.010730999999999999,
         0.010699,
         0.011181,
         0.011417999999999999,
         0.012104,
         0.013754000000000001,
         0.017333000000000001,
         0.023844000000000001,
         0.037615000000000003,
         0.068944000000000005,
         0.127331,
         0.24569099999999999,
         0.48008400000000001,
         0.954067,
         1.9099299999999999,
         3.8153290000000002,
         7.6236090000000001,
         15.234684
      ]
   },
   "BRUCK" : {
      "REAL_BD" : [
         0.0010669089160272784,
         0.0022144140473829336,
         0.0043454176020940923,
         0.0087306162624923717,
         0.017381670408376369,
         0.034397630889314697,
         0.067239082237808459,
         0.12617521275496141,
         0.22340833180819911,
         0.37614106152423993,
         0.61807753164556967,
         0.90567809447261027,
         1.2820267372658847,
         1.4817355351001416,
         1.7453680259747999,
         1.7460961945346725,
         1.8013050094532486,
         1.8273998877245508,
         1.847476298110746,
         1.8568401037849831,
         1.8661228535854939,
         1.8702798811499479,
         1.8701070985400574,
         1.8697461302331781
      ],
      "SIZE" : [
         1024.0,
         2048.0,
         4096.0,
         8192.0,
         16384.0,
         32768.0,
         65536.0,
         131072.0,
         262144.0,
         524288.0,
         1048576.0,
         2097152.0,
         4194304.0,
         8388608.0,
         16777216.0,
         33554432.0,
         67108864.0,
         134217728.0,
         268435456.0,
         536870912.0,
         1073741824.0,
         2147483648.0,
         4294967296.0,
         8589934592.0
      ],
      "comm_vol" : [
         3.5762786865234375e-06,
         7.152557373046875e-06,
         1.430511474609375e-05,
         2.86102294921875e-05,
         5.7220458984375e-05,
         0.00011444091796875,
         0.0002288818359375,
         0.000457763671875,
         0.00091552734375,
         0.0018310546875,
         0.003662109375,
         0.00732421875,
         0.0146484375,
         0.029296875,
         0.05859375,
         0.1171875,
         0.234375,
         0.46875,
         0.9375,
         1.875,
         3.75,
         7.5,
         15.0,
         30.0
      ],
      "time" : [
         0.0033519999999999999,
         0.0032299999999999998,
         0.0032919999999999998,
         0.003277,
         0.0032919999999999998,
         0.0033270000000000001,
         0.0034039999999999999,
         0.0036280000000000001,
         0.0040980000000000001,
         0.0048679999999999999,
         0.0059249999999999997,
         0.0080870000000000004,
         0.011426,
         0.019772000000000001,
         0.033570999999999997,
         0.067113999999999993,
         0.13011400000000001,
         0.25651200000000002,
         0.50744900000000004,
         1.0097799999999999,
         2.0095139999999998,
         4.0100949999999997,
         8.0209309999999991,
         16.044958999999999
      ]
   },