{
   "2DMESH" : {
      "REAL_BD" : [
         4.5960975881665334e-05,
         0.00016118657092933933,
         0.00021280279707498913,
         0.00063270092111730194,
         0.00053348628893780023,
         0.0024069717906336232,
         0.0030041401877638181,
         0.0088167117079160241,
         0.018428489205917872,
         0.03636277261335473,
         0.069535130616569449,
         0.13099921928657279,
         0.23159145597237682,
         0.37026908669012376,
         0.50638974736580111,
         0.56555926843958482,
         0.73212902339064367,
         0.75777317662395438,
         0.82261780413430596,
         0.82076260621324726,
         0.84684307740335429,
         0.84966009970795264,
         0.852414228034581,
         0.85257166990280142
      ],
      "SIZE" : [
         1024.0,
         2048.0,
         4096.0,
         8192.0,
         16384.0,
         32768.0,
         65536.0,
         131072.0,
         262144.0,
         524288.0,
         1048576.0,
         2097152.0,
         4194304.0,
         8388608.0,
         16777216.0,
         33554432.0,
         67108864.0,
         134217728.0,
         268435456.0,
         536870912.0,
         1073741824.0,
         2147483648.0,
         4294967296.0,
         8589934592.0
      ],
      "comm_vol" : [
         1.1175870895385742e-06,
         2.2351741790771484e-06,
         4.4703483581542969e-06,
         8.9406967163085938e-06,
         1.7881393432617188e-05,
         3.5762786865234375e-05,
         7.152557373046875e-05,
         0.0001430511474609375,
         0.000286102294921875,
         0.00057220458984375,
         0.0011444091796875,
         0.002288818359375,
         0.00457763671875,
         0.0091552734375,
         0.018310546875,
         0.03662109375,
         0.0732421875,
         0.146484375,
         0.29296875,
         0.5859375,
         1.171875,
         2.34375,
         4.6875,
         9.375
      ],
      "time" : [
         0.024316000000000001,
         0.013867000000000001,
         0.021007000000000001,
         0.014130999999999999,
         0.033517999999999999,
         0.014858,
         0.023809,
         0.016225,
         0.015525000000000001,
         0.015736,
         0.016458,
         0.017472000000000001,
         0.019765999999999999,
         0.024726000000000001,
         0.036158999999999997,
         0.064752000000000004,
         0.10004,
         0.19330900000000001,
         0.35614200000000001,
         0.71389400000000003,
         1.3838159999999999,
         2.7584559999999998,
         5.4990870000000003,
         10.996143
      ]
   },
   "3DMESH" : {
      "REAL_BD" : [
         2.7704878394074573e-05,
         5.5938089470873126e-05,
         0.00011216530819606816,
         0.00022418998787132884,
         0.00044557557580466938,
         0.00089543521032660735,
         0.0016706898470164615,
         0.003550008622715344,
         0.0071841677109751659,
         0.014222977053609157,
         0.028335376341673268,
         0.05672412290892194,
         0.11171507025453925,
         0.21133569025414928,
         0.32955754711038321,
         0.4492889588879756,
         0.56163014722797333,
         0.63220204570466754,
         0.66732894170385204,
         0.68828152072406479,
         0.69709236269325259,
         0.70236272573376113,
         0.70443860188286112,
         0.70508798257067629
      ],
      "SIZE" : [
         1024.0,
         2048.0,
         4096.0,
         8192.0,
         16384.0,
         32768.0,
         65536.0,
         131072.0,
         262144.0,
         524288.0,
         1048576.0,
         2097152.0,
         4194304.0,
         8388608.0,
         16777216.0,
         33554432.0,
         67108864.0,
         134217728.0,
         268435456.0,
         536870912.0,
         1073741824.0,
         2147483648.0,
         4294967296.0,
         8589934592.0
      ],
      "comm_vol" : [
         1.1175870895385742e-06,
         2.2351741790771484e-06,
         4.4703483581542969e-06,
         8.9406967163085938e-06,
         1.7881393432617188e-05,
         3.5762786865234375e-05,
         7.152557373046875e-05,
         0.0001430511474609375,
         0.000286102294921875,
         0.00057220458984375,
         0.0011444091796875,
         0.002288818359375,
         0.00457763671875,
         0.0091552734375,
         0.018310546875,
         0.03662109375,
         0.0732421875,
         0.146484375,
         0.29296875,
         0.5859375,
         1.171875,
         2.34375,
         4.6875,
         9.375
      ],
      "time" : [
         0.040339,
         0.039958,
         0.039855000000000002,
         0.039879999999999999,
         0.040131,
         0.039939000000000002,
         0.042812000000000003,
         0.040295999999999998,
         0.039823999999999998,
         0.040231000000000003,
         0.040388,
         0.040349999999999997,
         0.040975999999999999,
         0.043320999999999998,
         0.055560999999999999,
         0.081508999999999998,
         0.13041,
         0.23170499999999999,
         0.43901699999999999,
         0.85130499999999998,
         1.68109,
         3.336951,
         6.6542349999999999,
         13.296213
      ]
   },
   "BRUCK" : {
      "REAL_BD" : [
         5.2491056762884516e-05,
         0.00010475578474373851,
         0.00021009250672780793,
         0.00041955404581457505,
         0.00083800700312199777,
         0.0016829546760110292,
         0.0033367033835822331,
         0.0067254888322020451,
         0.013316993805710064,
         0.02062890582752001,
         0.052063563062986214,
         0.096705186723635275,
         0.16676272199453554,
         0.27772708744122554,
         0.36854011100152967,
         0.44676760421622808,
         0.4866849234510805,
         0.5175431390837979,
         0.53256975044718813,
         0.53510762655366717,
         0.53315732412007144,
         0.5321986120941411,
         0.53100496952682841,
         0.5305420764856621
      ],
      "SIZE" : [
         1024.0,
         2048.0,
         4096.0,
         8192.0,
         16384.0,
         32768.0,
         65536.0,
         131072.0,
         262144.0,
         524288.0,
         1048576.0,
         2097152.0,
         4194304.0,
         8388608.0,
         16777216.0,
         33554432.0,
         67108864.0,
         134217728.0,
         268435456.0,
         536870912.0,
         1073741824.0,
         2147483648.0,
         4294967296.0,
         8589934592.0
      ],
      "comm_vol" : [
         1.1175870895385742e-06,
         2.2351741790771484e-06,
         4.4703483581542969e-06,
         8.9406967163085938e-06,
         1.7881393432617188e-05,
         3.5762786865234375e-05,
         7.152557373046875e-05,
         0.0001430511474609375,
         0.000286102294921875,
         0.00057220458984375,
         0.0011444091796875,
         0.002288818359375,
         0.00457763671875,
         0.0091552734375,
         0.018310546875,
         0.03662109375,
         0.0732421875,
         0.146484375,
         0.29296875,
         0.5859375,
         1.171875,
         2.34375,
         4.6875,
         9.375
      ],
      "time" : [
         0.021291000000000001,
         0.021336999999999998,
         0.021277999999999998,
         0.021309999999999999,
         0.021337999999999999,
         0.021250000000000002,
         0.021436,
         0.021270000000000001,
         0.021484,
         0.027737999999999999,
         0.021981000000000001,
         0.023668000000000002,
         0.027449999999999999,
         0.032965000000000001,
         0.049683999999999999,
         0.081969,
         0.15049199999999999,
         0.28303800000000001,
         0.55010400000000004,
         1.0949899999999999,
         2.197991,
         4.4039010000000003,
         8.8276009999999996,
         17.670605999999999
      ]
   },