{
   "2DMESH" : {
      "REAL_BD" : [
         0.0003052474126428335,
         0.0016853339710289526,
         0.0014002657347390124,
         0.0065082414677405604,
         0.0056363730284057327,
         0.024981645485428947,
         0.017085834274223648,
         0.085451497456598843,
         0.18733933778391651,
         0.34315117831709147,
         0.58313843550955413,
         0.653772984914755,
         1.2547916309748157,
         1.9261587771203157,
         2.2668581708449396,
         2.3386517392085255,
         2.8934827965086849,
         2.9318314017125022,
         3.0574108377468754,
         3.0352231577004822,
         3.1047544139258587,
         3.1081808563411237,
         3.1168442575261395,
         3.1168970417218484
      ],
      "SIZE" : [
         1024.0,
         2048.0,
         4096.0,
         8192.0,
         16384.0,
         32768.0,
         65536.0,
         131072.0,
         262144.0,
         524288.0,
         1048576.0,
         2097152.0,
         4194304.0,
         8388608.0,
         16777216.0,
         33554432.0,
         67108864.0,
         134217728.0,
         268435456.0,
         536870912.0,
         1073741824.0,
         2147483648.0,
         4294967296.0,
         8589934592.0
      ],
      "comm_vol" : [
         3.5762786865234375e-06,
         7.152557373046875e-06,
         1.430511474609375e-05,
         2.86102294921875e-05,
         5.7220458984375e-05,
         0.00011444091796875,
         0.0002288818359375,
         0.000457763671875,
         0.00091552734375,
         0.0018310546875,
         0.003662109375,
         0.00732421875,
         0.0146484375,
         0.029296875,
         0.05859375,
         0.1171875,
         0.234375,
         0.46875,
         0.9375,
         1.875,
         3.75,
         7.5,
         15.0,
         30.0
      ],
      "time" : [
         0.011716000000000001,
         0.0042440000000000004,
         0.010215999999999999,
         0.0043959999999999997,
         0.010152,
         0.004581,
         0.013396,
         0.0053569999999999998,
         0.0048869999999999999,
         0.0053359999999999996,
         0.00628,
         0.011202999999999999,
         0.011674,
         0.01521,
         0.025847999999999999,
         0.050109000000000001,
         0.081001000000000004,
         0.159883,
         0.30663200000000002,
         0.61774700000000005,
         1.2078249999999999,
         2.4129870000000002,
         4.8125600000000004,
         9.6249570000000002
      ]
   },
   "3DMESH" : {
      "REAL_BD" : [
         0.00034771790826674159,
         0.00068649173366415928,
         0.0013814693139636649,
         0.0027362499514333874,
         0.0053527089788938257,
         0.010874279548531927,
         0.021988840036266694,
         0.043788374964128567,
         0.086541955170621049,
         0.17470228866520368,
         0.3269740513392857,
         0.56971209940883638,
         0.9853650948473025,
         1.467044316474712,
         1.7671074853730624,
         1.9559937908933103,
         2.0783453046022879,
         2.532839103253381,
         2.6180057358760336,
         2.653950352019975,
         2.6755308788369789,
         2.681340870642106,
         2.6823113369498044,
         2.6855714184301993
      ],
      "SIZE" : [
         1024.0,
         2048.0,
         4096.0,
         8192.0,
         16384.0,
         32768.0,
         65536.0,
         131072.0,
         262144.0,
         524288.0,
         1048576.0,
         2097152.0,
         4194304.0,
         8388608.0,
         16777216.0,
         33554432.0,
         67108864.0,
         134217728.0,
         268435456.0,
         536870912.0,
         1073741824.0,
         2147483648.0,
         4294967296.0,
         8589934592.0
      ],
      "comm_vol" : [
         3.5762786865234375e-06,
         7.152557373046875e-06,
         1.430511474609375e-05,
         2.86102294921875e-05,
         5.7220458984375e-05,
         0.00011444091796875,
         0.0002288818359375,
         0.000457763671875,
         0.00091552734375,
         0.0018310546875,
         0.003662109375,
         0.00732421875,
         0.0146484375,
         0.029296875,
         0.05859375,
         0.1171875,
         0.234375,
         0.46875,
         0.9375,
         1.875,
         3.75,
         7.5,
         15.0,
         30.0
      ],
      "time" : [
         0.010285000000000001,
         0.010418999999999999,
         0.010355,
         0.010456,
         0.01069,
         0.010524,
         0.010409,
         0.010454,
         0.010579,
         0.010481000000000001,
         0.0112,
         0.012855999999999999,
         0.014866000000000001,
         0.019970000000000002,
         0.033158,
         0.059912,
         0.11277,
         0.18506900000000001,
         0.358097,
         0.70649399999999996,
         1.401591,
         2.7971080000000001,
         5.5921919999999998,
         11.170807
      ]
   },
   "BRUCK" : {
      "REAL_BD" : [
         0.0012588098157421462,
         0.0024956585390952112,
         0.0049464435498249477,
         0.010210645785934155,
         0.020575497657092771,
         0.039667562554159444,
         0.081481607667319336,
         0.15172809806927409,
         0.25673789785473922,
         0.47733438151720542,
         0.78518640115780447,
         1.13960148591878,
         1.4732412249823996,
         1.7815065369413194,
         1.9982862696951094,
         2.1468416810171105,
         2.218913903773692,
         2.391398617452746,
         2.4424811961514314,
         2.4674818788130821,
         2.4793732673313151,
         2.4849634859465377,
         2.483757468037767,
         2.4845391271018995
      ],
      "SIZE" : [
         1024.0,
         2048.0,
         4096.0,
         8192.0,
         16384.0,
         32768.0,
         65536.0,
         131072.0,
         262144.0,
         524288.0,
         1048576.0,
         2097152.0,
         4194304.0,
         8388608.0,
         16777216.0,
         33554432.0,
         67108864.0,
         134217728.0,
         268435456.0,
         536870912.0,
         1073741824.0,
         2147483648.0,
         4294967296.0,
         8589934592.0
      ],
      "comm_vol" : [
         3.5762786865234375e-06,
         7.152557373046875e-06,
         1.430511474609375e-05,
         2.86102294921875e-05,
         5.7220458984375e-05,
         0.00011444091796875,
         0.0002288818359375,
         0.000457763671875,
         0.00091552734375,
         0.0018310546875,
         0.003662109375,
         0.00732421875,
         0.0146484375,
         0.029296875,
         0.05859375,
         0.1171875,
         0.234375,
         0.46875,
         0.9375,
         1.875,
         3.75,
         7.5,
         15.0,
         30.0
      ],
      "time" : [
         0.0028410000000000002,
         0.0028660000000000001,
         0.002892,
         0.0028019999999999998,
         0.0027810000000000001,
         0.002885,
         0.0028089999999999999,
         0.0030170000000000002,
         0.0035660000000000002,
         0.003836,
         0.0046639999999999997,
         0.0064270000000000004,
         0.0099430000000000004,
         0.016445000000000001,
         0.029322000000000001,
         0.054586000000000003,
         0.105626,
         0.19601499999999999,
         0.38383099999999998,
         0.759884,
         1.5124789999999999,
         3.0181529999999999,
         6.039237,
         12.074674
      ]
   },