{
   "2DMESH" : {
      "REAL_BD" : [
         0.00014294659223918542,
         0.00040817111468179843,
         0.00057288550518705807,
         0.0023403871178108784,
         0.0023438382890400076,
         0.0090900329722817946,
         0.0084246847739068015,
         0.030888236968623483,
         0.068050155095247186,
         0.13194752740889437,
         0.24067490634858044,
         0.43699099289148002,
         0.72383921008047436,
         1.0720684869205195,
         1.3823379236431286,
         1.416950812536274,
         1.8858538974026511,
         1.9196814074796928,
         2.1002150620223512,
         2.0370401410982044,
         2.1366770008576008,
         2.1340193412879818,
         2.1390248833375827,
         2.1330571816561474
      ],
      "SIZE" : [
         1024.0,
         2048.0,
         4096.0,
         8192.0,
         16384.0,
         32768.0,
         65536.0,
         131072.0,
         262144.0,
         524288.0,
         1048576.0,
         2097152.0,
         4194304.0,
         8388608.0,
         16777216.0,
         33554432.0,
         67108864.0,
         134217728.0,
         268435456.0,
         536870912.0,
         1073741824.0,
         2147483648.0,
         4294967296.0,
         8589934592.0
      ],
      "comm_vol" : [
         2.0861625671386719e-06,
         4.1723251342773438e-06,
         8.3446502685546875e-06,
         1.6689300537109375e-05,
         3.337860107421875e-05,
         6.67572021484375e-05,
         0.000133514404296875,
         0.00026702880859375,
         0.0005340576171875,
         0.001068115234375,
         0.00213623046875,
         0.0042724609375,
         0.008544921875,
         0.01708984375,
         0.0341796875,
         0.068359375,
         0.13671875,
         0.2734375,
         0.546875,
         1.09375,
         2.1875,
         4.375,
         8.75,
         17.5
      ],
      "time" : [
         0.014593999999999999,
         0.010222,
         0.014566000000000001,
         0.0071310000000000002,
         0.014241,
         0.0073439999999999998,
         0.015848000000000001,
         0.0086449999999999999,
         0.0078480000000000008,
         0.0080949999999999998,
         0.0088760000000000002,
         0.0097769999999999992,
         0.011805,
         0.015941,
         0.024726000000000001,
         0.048244000000000002,
         0.072497000000000006,
         0.14243900000000001,
         0.26039000000000001,
         0.53693100000000005,
         1.0237860000000001,
         2.050122,
         4.090649,
         8.2041869999999992
      ]
   },
   "3DMESH" : {
      "REAL_BD" : [
         0.00010768402246108872,
         0.00021530136406818431,
         0.00043102532378898182,
         0.00085960857775479647,
         0.0016716883394710649,
         0.0034402062431557589,
         0.0068761602872160991,
         0.01378640139365739,
         0.027503224698089399,
         0.055034791548588209,
         0.10857588151207115,
         0.21692023443846464,
         0.3843696583599478,
         0.60559332919914954,
         0.95856879434613118,
         1.335691885343598,
         1.5565406728525075,
         1.6765021459227469,
         1.7594362082722055,
         1.7962808159672325,
         1.8174235041254474,
         1.8244575731253021,
         1.8291911734731743,
         1.8302198156749019
      ],
      "SIZE" : [
         1024.0,
         2048.0,
         4096.0,
         8192.0,
         16384.0,
         32768.0,
         65536.0,
         131072.0,
         262144.0,
         524288.0,
         1048576.0,
         2097152.0,
         4194304.0,
         8388608.0,
         16777216.0,
         33554432.0,
         67108864.0,
         134217728.0,
         268435456.0,
         536870912.0,
         1073741824.0,
         2147483648.0,
         4294967296.0,
         8589934592.0
      ],
      "comm_vol" : [
         2.0861625671386719e-06,
         4.1723251342773438e-06,
         8.3446502685546875e-06,
         1.6689300537109375e-05,
         3.337860107421875e-05,
         6.67572021484375e-05,
         0.000133514404296875,
         0.00026702880859375,
         0.0005340576171875,
         0.001068115234375,
         0.00213623046875,
         0.0042724609375,
         0.008544921875,
         0.01708984375,
         0.0341796875,
         0.068359375,
         0.13671875,
         0.2734375,
         0.546875,
         1.09375,
         2.1875,
         4.375,
         8.75,
         17.5
      ],
      "time" : [
         0.019373000000000001,
         0.019379,
         0.019359999999999999,
         0.019415000000000002,
         0.019966999999999999,
         0.019404999999999999,
         0.019417,
         0.019369000000000001,
         0.019418000000000001,
         0.019408000000000002,
         0.019675000000000002,
         0.019696000000000002,
         0.022231000000000001,
         0.028219999999999999,
         0.035657000000000001,
         0.051179000000000002,
         0.087834999999999996,
         0.16309999999999999,
         0.31082399999999999,
         0.60889700000000002,
         1.203627,
         2.3979729999999999,
         4.7835349999999996,
         9.561693
      ]
   },
   "BRUCK" : {
      "REAL_BD" : [
         0.00029956383790044112,
         0.00059392528601812718,
         0.0011980833120681534,
         0.0023886218029353619,
         0.0047345533438608155,
         0.009167426826206743,
         0.019100773146906294,
         0.037962582967550465,
         0.076479681682299877,
         0.14279615432820855,
         0.23104374526822408,
         0.42276478700771819,
         0.6478333491281274,
         0.88580540869745494,
         1.225737403622019,
         1.3950323456185463,
         1.5887368543373424,
         1.6981691601612232,
         1.7629073021030779,
         1.7953166651346633,
         1.8079304300105705,
         1.8107649250488183,
         1.81190331435425,
         1.8111314831780037
      ],
      "SIZE" : [
         1024.0,
         2048.0,
         4096.0,
         8192.0,
         16384.0,
         32768.0,
         65536.0,
         131072.0,
         262144.0,
         524288.0,
         1048576.0,
         2097152.0,
         4194304.0,
         8388608.0,
         16777216.0,
         33554432.0,
         67108864.0,
         134217728.0,
         268435456.0,
         536870912.0,
         1073741824.0,
         2147483648.0,
         4294967296.0,
         8589934592.0
      ],
      "comm_vol" : [
         2.0861625671386719e-06,
         4.1723251342773438e-06,
         8.3446502685546875e-06,
         1.6689300537109375e-05,
         3.337860107421875e-05,
         6.67572021484375e-05,
         0.000133514404296875,
         0.00026702880859375,
         0.0005340576171875,
         0.001068115234375,
         0.00213623046875,
         0.0042724609375,
         0.008544921875,
         0.01708984375,
         0.0341796875,
         0.068359375,
         0.13671875,
         0.2734375,
         0.546875,
         1.09375,
         2.1875,
         4.375,
         8.75,
         17.5
      ],
      "time" : [
         0.0069639999999999997,
         0.007025,
         0.0069649999999999998,
         0.0069870000000000002,
         0.0070499999999999998,
         0.0072820000000000003,
         0.0069899999999999997,
         0.0070340000000000003,
         0.0069829999999999996,
         0.0074799999999999997,
         0.0092460000000000007,
         0.010106,
         0.01319,
         0.019293000000000001,
         0.027885,
         0.049001999999999997,
         0.086055000000000006,
         0.161019,
         0.31021199999999999,
         0.60922399999999999,
         1.2099470000000001,
         2.4161060000000001,
         4.8291760000000004,
         9.6624680000000005
      ]
   },