{
    "2DMESH" : {
       "REAL_BD" : [
          0.00024986975292114882,
          0.00038596902259734907,
          0.00098415500277800288,
          0.0019641403480180506,
          0.0038646058902649934,
          0.0075955401238408807,
          0.0075079797726410056,
          0.026684201918032377,
          0.03269006654756075,
          0.11672114898644957,
          0.12704314414213499,
          0.41548778931245745,
          0.44157520929150945,
          1.0658503024822252,
          1.0609537962503104,
          1.6460239585841561,
          1.8898422813225697,
          2.0316783939013425,
          2.0967123550273175,
          2.1274588561614127,
          2.1427088149326479,
          2.1428578425658258,
          2.1403580782373037,
          2.1357882938297932
       ],
       "SIZE" : [
          1024.0,
          2048.0,
          4096.0,
          8192.0,
          16384.0,
          32768.0,
          65536.0,
          131072.0,
          262144.0,
          524288.0,
          1048576.0,
          2097152.0,
          4194304.0,
          8388608.0,
          16777216.0,
          33554432.0,
          67108864.0,
          134217728.0,
          268435456.0,
          536870912.0,
          1073741824.0,
          2147483648.0,
          4294967296.0,
          8589934592.0
       ],
       "comm_vol" : [
          2.0861625671386719e-06,
          4.1723251342773438e-06,
          8.3446502685546875e-06,
          1.6689300537109375e-05,
          3.337860107421875e-05,
          6.67572021484375e-05,
          0.000133514404296875,
          0.00026702880859375,
          0.0005340576171875,
          0.001068115234375,
          0.00213623046875,
          0.0042724609375,
          0.008544921875,
          0.01708984375,
          0.0341796875,
          0.068359375,
          0.13671875,
          0.2734375,
          0.546875,
          1.09375,
          2.1875,
          4.375,
          8.75,
          17.5
       ],
       "time" : [
          0.0083490000000000005,
          0.01081,
          0.0084790000000000004,
          0.0084969999999999993,
          0.0086370000000000006,
          0.0087889999999999999,
          0.017783,
          0.010007,
          0.016337000000000001,
          0.0091509999999999994,
          0.016815,
          0.010283,
          0.019351,
          0.016034,
          0.032216000000000002,
          0.041529999999999997,
          0.072344000000000006,
          0.13458700000000001,
          0.26082499999999997,
          0.51411099999999998,
          1.020904,
          2.0416660000000002,
          4.088101,
          8.1936959999999992
       ]
    },
    "3DMESH" : {
       "REAL_BD" : [
          8.9882058041304257e-05,
          0.00018029233144401278,
          0.0003617413849728926,
          0.00072634811059360993,
          0.0014472164877826373,
          0.0029066574715216394,
          0.0058112907202121878,
          0.011517805753698672,
          0.02323100688100831,
          0.046457972005349915,
          0.092875547530542155,
          0.18568651125646485,
          0.35736363493789469,
          0.58478797392554061,
          0.93900240384615385,
          1.3019841345421301,
          1.5457878253397555,
          1.6683292759565342,
          1.7495521146586472,
          1.7944124252909202,
          1.8149671107217054,
          1.8233907482612144,
          1.827123618798951,
          1.8296882284446261
       ],
       "SIZE" : [
          1024.0,
          2048.0,
          4096.0,
          8192.0,
          16384.0,
          32768.0,
          65536.0,
          131072.0,
          262144.0,
          524288.0,
          1048576.0,
          2097152.0,
          4194304.0,
          8388608.0,
          16777216.0,
          33554432.0,
          67108864.0,
          134217728.0,
          268435456.0,
          536870912.0,
          1073741824.0,
          2147483648.0,
          4294967296.0,
          8589934592.0
       ],
       "comm_vol" : [
          2.0861625671386719e-06,
          4.1723251342773438e-06,
          8.3446502685546875e-06,
          1.6689300537109375e-05,
          3.337860107421875e-05,
          6.67572021484375e-05,
          0.000133514404296875,
          0.00026702880859375,
          0.0005340576171875,
          0.001068115234375,
          0.00213623046875,
          0.0042724609375,
          0.008544921875,
          0.01708984375,
          0.0341796875,
          0.068359375,
          0.13671875,
          0.2734375,
          0.546875,
          1.09375,
          2.1875,
          4.375,
          8.75,
          17.5
       ],
       "time" : [
          0.023210000000000001,
          0.023141999999999999,
          0.023068000000000002,
          0.022977000000000001,
          0.023064000000000001,
          0.022967000000000001,
          0.022974999999999999,
          0.023184,
          0.022988999999999999,
          0.022991000000000001,
          0.023001000000000001,
          0.023009000000000002,
          0.023911000000000002,
          0.029224,
          0.036400000000000002,
          0.052504000000000002,
          0.088445999999999997,
          0.16389899999999999,
          0.31258000000000002,
          0.60953100000000004,
          1.2052560000000001,
          2.3993760000000002,
          4.7889480000000004,
          9.5644709999999993
       ]
    },
    "BRUCK" : {
       "REAL_BD" : [
          0.00023553828239117894,
          0.00047022710856275707,
          0.00094130290677435849,
          0.001906477100423735,
          0.0037999318162817339,
          0.0075877701919115133,
          0.01520318882906798,
          0.030337287956572367,
          0.06016194853976569,
          0.12119768913820493,
          0.23086895804063545,
          0.42143035485302821,
          0.65343135849200884,
          0.8888923202954333,
          1.2184837438950484,
          1.4323898876875365,
          1.5856964741359312,
          1.6969571909094294,
          1.7589834804312585,
          1.791766800834165,
          1.8084176779338321,
          1.8103812849196685,
          1.8104547034578653,
          1.8111742204706154
       ],
       "SIZE" : [
          1024.0,
          2048.0,
          4096.0,
          8192.0,
          16384.0,
          32768.0,
          65536.0,
          131072.0,
          262144.0,
          524288.0,
          1048576.0,
          2097152.0,
          4194304.0,
          8388608.0,
          16777216.0,
          33554432.0,
          67108864.0,
          134217728.0,
          268435456.0,
          536870912.0,
          1073741824.0,
          2147483648.0,
          4294967296.0,
          8589934592.0
       ],
       "comm_vol" : [
          2.0861625671386719e-06,
          4.1723251342773438e-06,
          8.3446502685546875e-06,
          1.6689300537109375e-05,
          3.337860107421875e-05,
          6.67572021484375e-05,
          0.000133514404296875,
          0.00026702880859375,
          0.0005340576171875,
          0.001068115234375,
          0.00213623046875,
          0.0042724609375,
          0.008544921875,
          0.01708984375,
          0.0341796875,
          0.068359375,
          0.13671875,
          0.2734375,
          0.546875,
          1.09375,
          2.1875,
          4.375,
          8.75,
          17.5
       ],