{
    "2DMESH" : {
       "REAL_BD" : [
          5.8928926419118071e-05,
          0.00012987647757566233,
          0.0002562979221508025,
          0.00050999353809301202,
          0.0010041777633861507,
          0.0020076790470574513,
          0.0026885270534682286,
          0.0072051550045803114,
          0.011026836310871618,
          0.030473696002756033,
          0.043209710390315272,
          0.1153754591881742,
          0.15701034878237008,
          0.34571684304433203,
          0.41140824757903255,
          0.63303532843560939,
          0.73028942986479473,
          0.79318800831717906,
          0.82424944504933362,
          0.83953379412320972,
          0.84568621550412093,
          0.85097800292209957,
          0.8523024803774969,
          0.85220098744414785
       ],
       "SIZE" : [
          1024.0,
          2048.0,
          4096.0,
          8192.0,
          16384.0,
          32768.0,
          65536.0,
          131072.0,
          262144.0,
          524288.0,
          1048576.0,
          2097152.0,
          4194304.0,
          8388608.0,
          16777216.0,
          33554432.0,
          67108864.0,
          134217728.0,
          268435456.0,
          536870912.0,
          1073741824.0,
          2147483648.0,
          4294967296.0,
          8589934592.0
       ],
       "comm_vol" : [
          1.1175870895385742e-06,
          2.2351741790771484e-06,
          4.4703483581542969e-06,
          8.9406967163085938e-06,
          1.7881393432617188e-05,
          3.5762786865234375e-05,
          7.152557373046875e-05,
          0.0001430511474609375,
          0.000286102294921875,
          0.00057220458984375,
          0.0011444091796875,
          0.002288818359375,
          0.00457763671875,
          0.0091552734375,
          0.018310546875,
          0.03662109375,
          0.0732421875,
          0.146484375,
          0.29296875,
          0.5859375,
          1.171875,
          2.34375,
          4.6875,
          9.375
       ],
       "time" : [
          0.018964999999999999,
          0.01721,
          0.017441999999999999,
          0.017531000000000001,
          0.017807,
          0.017812999999999999,
          0.026603999999999999,
          0.019854,
          0.025946,
          0.018776999999999999,
          0.026485000000000002,
          0.019838000000000001,
          0.029155,
          0.026481999999999999,
          0.044506999999999998,
          0.057849999999999999,
          0.10029200000000001,
          0.18467800000000001,
          0.355437,
          0.697932,
          1.3857090000000001,
          2.754184,
          5.4998079999999998,
          11.000926
       ]
    },
    "3DMESH" : {
       "REAL_BD" : [
          2.2833062753617745e-05,
          4.5855370488206717e-05,
          9.1840746957458588e-05,
          0.00018338762160910292,
          0.00035685705740834173,
          0.00073230376904812793,
          0.0014751494984319249,
          0.0028662969355802174,
          0.0058804656428560415,
          0.011070570740103895,
          0.022925322616388549,
          0.046944342427085894,
          0.0931512091235603,
          0.17749313579612647,
          0.30994899578509039,
          0.43274556868537661,
          0.54818303781930855,
          0.62574488671314332,
          0.66751139789062131,
          0.68876453495206347,
          0.69888083645636778,
          0.70303754212975911,
          0.70486654902600598,
          0.70553216993398926
       ],
       "SIZE" : [
          1024.0,
          2048.0,
          4096.0,
          8192.0,
          16384.0,
          32768.0,
          65536.0,
          131072.0,
          262144.0,
          524288.0,
          1048576.0,
          2097152.0,
          4194304.0,
          8388608.0,
          16777216.0,
          33554432.0,
          67108864.0,
          134217728.0,
          268435456.0,
          536870912.0,
          1073741824.0,
          2147483648.0,
          4294967296.0,
          8589934592.0
       ],
       "comm_vol" : [
          1.1175870895385742e-06,
          2.2351741790771484e-06,
          4.4703483581542969e-06,
          8.9406967163085938e-06,
          1.7881393432617188e-05,
          3.5762786865234375e-05,
          7.152557373046875e-05,
          0.0001430511474609375,
          0.000286102294921875,
          0.00057220458984375,
          0.0011444091796875,
          0.002288818359375,
          0.00457763671875,
          0.0091552734375,
          0.018310546875,
          0.03662109375,
          0.0732421875,
          0.146484375,
          0.29296875,
          0.5859375,
          1.171875,
          2.34375,
          4.6875,
          9.375
       ],
       "time" : [
          0.048946000000000003,
          0.048744000000000003,
          0.048675000000000003,
          0.048752999999999998,
          0.050108,
          0.048835999999999997,
          0.048487000000000002,
          0.049908000000000001,
          0.048653000000000002,
          0.051686999999999997,
          0.049918999999999998,
          0.048756000000000001,
          0.049141999999999998,
          0.051581000000000002,
          0.059075999999999997,
          0.084625000000000006,
          0.13360900000000001,
          0.234096,
          0.43889699999999998,
          0.85070800000000002,
          1.6767879999999999,
          3.3337479999999999,
          6.6501950000000001,
          13.287841999999999
       ]
    },
    "BRUCK" : {
       "REAL_BD" : [
          4.2616957349701575e-05,
          8.2396659382797524e-05,
          0.0001691455733532974,
          0.00033798422546813569,
          0.00067198021167294954,
          0.0013423461776606253,
          0.0026863056309798222,
          0.0054001943171361833,
          0.010686224738425839,
          0.021606486796954649,
          0.04195817340742438,
          0.085336801736512424,
          0.16129798163319239,
          0.27041006106565851,
          0.36928337518151017,
          0.44369305584162255,
          0.48289535711695553,
          0.51660497898092761,
          0.53115617657297021,
          0.5343634150011628,
          0.53371508051668404,
          0.53291741331949061,
          0.53191060815283076,
          0.53131023995500615
       ],
       "SIZE" : [
          1024.0,
          2048.0,
          4096.0,
          8192.0,
          16384.0,
          32768.0,
          65536.0,
          131072.0,
          262144.0,
          524288.0,
          1048576.0,
          2097152.0,
          4194304.0,
          8388608.0,
          16777216.0,
          33554432.0,
          67108864.0,
          134217728.0,
          268435456.0,
          536870912.0,
          1073741824.0,
          2147483648.0,
          4294967296.0,
          8589934592.0
       ],
       "comm_vol" : [
          1.1175870895385742e-06,
          2.2351741790771484e-06,
          4.4703483581542969e-06,
          8.9406967163085938e-06,
          1.7881393432617188e-05,
          3.5762786865234375e-05,
          7.152557373046875e-05,
          0.0001430511474609375,
          0.000286102294921875,
          0.00057220458984375,
          0.0011444091796875,
          0.002288818359375,
          0.00457763671875,
          0.0091552734375,
          0.018310546875,
          0.03662109375,
          0.0732421875,
          0.146484375,
          0.29296875,
          0.5859375,
          1.171875,
          2.34375,
          4.6875,
          9.375
       ],