{
    "2DMESH" : {
       "REAL_BD" : [
          0.00059884103927050191,
          0.0014307976341362022,
          0.0028621678163452883,
          0.0056032568531507046,
          0.011115085272800118,
          0.022174175153797715,
          0.016090111489455185,
          0.076818874286793085,
          0.090137574456040176,
          0.31537283629004476,
          0.32557871399359889,
          0.94044924884437597,
          1.025154839386941,
          1.9020239563721353,
          1.9753143646967604,
          2.5200529009504966,
          2.8361992811936543,
          2.9959925603512745,
          3.0557565564312674,
          3.087161688241125,
          3.1043123451465524,
          3.1155960924609221,
          3.1172238253988902,
          3.1168011895375631
       ],
       "SIZE" : [
          1024.0,
          2048.0,
          4096.0,
          8192.0,
          16384.0,
          32768.0,
          65536.0,
          131072.0,
          262144.0,
          524288.0,
          1048576.0,
          2097152.0,
          4194304.0,
          8388608.0,
          16777216.0,
          33554432.0,
          67108864.0,
          134217728.0,
          268435456.0,
          536870912.0,
          1073741824.0,
          2147483648.0,
          4294967296.0,
          8589934592.0
       ],
       "comm_vol" : [
          3.5762786865234375e-06,
          7.152557373046875e-06,
          1.430511474609375e-05,
          2.86102294921875e-05,
          5.7220458984375e-05,
          0.00011444091796875,
          0.0002288818359375,
          0.000457763671875,
          0.00091552734375,
          0.0018310546875,
          0.003662109375,
          0.00732421875,
          0.0146484375,
          0.029296875,
          0.05859375,
          0.1171875,
          0.234375,
          0.46875,
          0.9375,
          1.875,
          3.75,
          7.5,
          15.0,
          30.0
       ],
       "time" : [
          0.0059719999999999999,
          0.004999,
          0.0049979999999999998,
          0.0051060000000000003,
          0.0051479999999999998,
          0.0051609999999999998,
          0.014225,
          0.0059589999999999999,
          0.010156999999999999,
          0.0058060000000000004,
          0.011247999999999999,
          0.0077879999999999998,
          0.014289,
          0.015403,
          0.029662999999999998,
          0.046502000000000002,
          0.082637000000000002,
          0.15645899999999999,
          0.30679800000000002,
          0.60735399999999995,
          1.207997,
          2.4072439999999999,
          4.8119740000000002,
          9.6252530000000007
       ]
    },
    "3DMESH" : {
       "REAL_BD" : [
          0.00029239462730140116,
          0.00058369164134542805,
          0.0011680505222580019,
          0.0023731112717474698,
          0.0046566128730773926,
          0.009279244139199708,
          0.018777736970834357,
          0.037738142776174773,
          0.074773549799902,
          0.15081580491722263,
          0.29423986622207937,
          0.51790544123886295,
          0.90127591829200759,
          1.3758276979430826,
          1.7654037360650801,
          1.9505567669235506,
          2.0765591359741999,
          2.5362103201441379,
          2.6098067490298478,
          2.6520396660268766,
          2.6704703659683799,
          2.6775424872441875,
          2.6796136068635268,
          2.6827802796691129
       ],
       "SIZE" : [
          1024.0,
          2048.0,
          4096.0,
          8192.0,
          16384.0,
          32768.0,
          65536.0,
          131072.0,
          262144.0,
          524288.0,
          1048576.0,
          2097152.0,
          4194304.0,
          8388608.0,
          16777216.0,
          33554432.0,
          67108864.0,
          134217728.0,
          268435456.0,
          536870912.0,
          1073741824.0,
          2147483648.0,
          4294967296.0,
          8589934592.0
       ],
       "comm_vol" : [
          3.5762786865234375e-06,
          7.152557373046875e-06,
          1.430511474609375e-05,
          2.86102294921875e-05,
          5.7220458984375e-05,
          0.00011444091796875,
          0.0002288818359375,
          0.000457763671875,
          0.00091552734375,
          0.0018310546875,
          0.003662109375,
          0.00732421875,
          0.0146484375,
          0.029296875,
          0.05859375,
          0.1171875,
          0.234375,
          0.46875,
          0.9375,
          1.875,
          3.75,
          7.5,
          15.0,
          30.0
       ],
       "time" : [
          0.012231000000000001,
          0.012253999999999999,
          0.012246999999999999,
          0.012056000000000001,
          0.012288,
          0.012333,
          0.012189,
          0.01213,
          0.012244,
          0.012141000000000001,
          0.012446,
          0.014142,
          0.016253,
          0.021294,
          0.033189999999999997,
          0.060079,
          0.112867,
          0.18482299999999999,
          0.35922199999999999,
          0.70700300000000005,
          1.404247,
          2.8010760000000001,
          5.5978219999999999,
          11.182429000000001
       ]
    },
    "BRUCK" : {
       "REAL_BD" : [
          0.0010810999656963233,
          0.0021680986277801987,
          0.0043322576456976836,
          0.0087680752351172245,
          0.017671543849405499,
          0.034848026178060293,
          0.069379156088966359,
          0.13964724584350213,
          0.26537024456521741,
          0.48932514363976481,
          0.78619780485186774,
          1.1557864525800852,
          1.4649902490249027,
          1.78846682131738,
          1.9881158387622149,
          2.1364697088476055,
          2.210146635862134,
          2.3923017643066022,
          2.4385993205737146,
          2.4712120273559877,
          2.4791388727653043,
          2.4812262153790372,
          2.4827814965246855,
          2.4820313341563751
       ],
       "SIZE" : [
          1024.0,
          2048.0,
          4096.0,
          8192.0,
          16384.0,
          32768.0,
          65536.0,
          131072.0,
          262144.0,
          524288.0,
          1048576.0,
          2097152.0,
          4194304.0,
          8388608.0,
          16777216.0,
          33554432.0,
          67108864.0,
          134217728.0,
          268435456.0,
          536870912.0,
          1073741824.0,
          2147483648.0,
          4294967296.0,
          8589934592.0
       ],
       "comm_vol" : [
          3.5762786865234375e-06,
          7.152557373046875e-06,
          1.430511474609375e-05,
          2.86102294921875e-05,
          5.7220458984375e-05,
          0.00011444091796875,
          0.0002288818359375,
          0.000457763671875,
          0.00091552734375,
          0.0018310546875,
          0.003662109375,
          0.00732421875,
          0.0146484375,
          0.029296875,
          0.05859375,
          0.1171875,
          0.234375,
          0.46875,
          0.9375,
          1.875,
          3.75,
          7.5,
          15.0,
          30.0
       ],
       "time" : [
          0.0033080000000000002,
          0.0032989999999999998,
          0.0033019999999999998,
          0.0032629999999999998,
          0.003238,
          0.003284,
          0.0032989999999999998,
          0.0032780000000000001,
          0.0034499999999999999,
          0.0037420000000000001,
          0.0046579999999999998,
          0.0063369999999999998,
          0.0099989999999999992,
          0.016381,
          0.029472000000000002,
          0.054850999999999997,
          0.106045,
          0.195941,
          0.38444200000000001,
          0.75873699999999999,
          1.5126219999999999,
          3.0226989999999998,
          6.0416109999999996,
          12.086874
       ]
    },