{
   "2DMESH" : {
      "REAL_BD" : [
         0.00034694205340739595,
         0.0016587563481092011,
         0.0016933137720281427,
         0.0064978945019730869,
         0.0059654356739340074,
         0.022238810332054021,
         0.047963502920683153,
         0.051083994183126882,
         0.15682208697327851,
         0.32557871399359889,
         0.50707690044309051,
         0.66043451307484224,
         1.3775096388941133,
         1.4143514048469634,
         2.711292860117533,
         2.8310946295267314,
         3.7276934822025001,
         4.4656041307433618,
         4.7815287631268903,
         4.7373607215947855,
         4.8878658404652722,
         4.8473410718440579,
         4.856182535484125,
         4.8458142664002546
      ],
      "SIZE" : [
         1024.0,
         2048.0,
         4096.0,
         8192.0,
         16384.0,
         32768.0,
         65536.0,
         131072.0,
         262144.0,
         524288.0,
         1048576.0,
         2097152.0,
         4194304.0,
         8388608.0,
         16777216.0,
         33554432.0,
         67108864.0,
         134217728.0,
         268435456.0,
         536870912.0,
         1073741824.0,
         2147483648.0,
         4294967296.0,
         8589934592.0
      ],
      "comm_vol" : [
         3.5762786865234375e-06,
         7.152557373046875e-06,
         1.430511474609375e-05,
         2.86102294921875e-05,
         5.7220458984375e-05,
         0.00011444091796875,
         0.0002288818359375,
         0.000457763671875,
         0.00091552734375,
         0.0018310546875,
         0.003662109375,
         0.00732421875,
         0.0146484375,
         0.029296875,
         0.05859375,
         0.1171875,
         0.234375,
         0.46875,
         0.9375,
         1.875,
         3.75,
         7.5,
         15.0,
         30.0
      ],
      "time" : [
         0.010307999999999999,
         0.0043119999999999999,
         0.0084480000000000006,
         0.0044029999999999998,
         0.0095919999999999998,
         0.0051460000000000004,
         0.0047720000000000002,
         0.0089610000000000002,
         0.0058380000000000003,
         0.0056239999999999997,
         0.0072220000000000001,
         0.011089999999999999,
         0.010633999999999999,
         0.020714,
         0.021610999999999998,
         0.041392999999999999,
         0.062873999999999999,
         0.10496900000000001,
         0.19606699999999999,
         0.39578999999999998,
         0.76720600000000005,
         1.5472399999999999,
         3.0888460000000002,
         6.1909099999999997
      ]
   },
   "3DMESH" : {
      "REAL_BD" : [
         0.00034037105610768416,
         0.00068067732899189902,
         0.0013424469544006897,
         0.002729983730170563,
         0.0053854549632352941,
         0.010739575635205518,
         0.021537765685282772,
         0.043538488860091304,
         0.085491394504622287,
         0.17191387545770348,
         0.31899907447735187,
         0.56790096534077694,
         0.98962555735711399,
         1.5801129928267086,
         2.0061543465607561,
         2.2545596213782755,
         2.4397035402375424,
         3.657651612097756,
         3.8001467363326453,
         3.871351380369048,
         3.9210724708298348,
         3.9317593364867789,
         3.9365191670430417,
         3.9425289667459511
      ],
      "SIZE" : [
         1024.0,
         2048.0,
         4096.0,
         8192.0,
         16384.0,
         32768.0,
         65536.0,
         131072.0,
         262144.0,
         524288.0,
         1048576.0,
         2097152.0,
         4194304.0,
         8388608.0,
         16777216.0,
         33554432.0,
         67108864.0,
         134217728.0,
         268435456.0,
         536870912.0,
         1073741824.0,
         2147483648.0,
         4294967296.0,
         8589934592.0
      ],
      "comm_vol" : [
         3.5762786865234375e-06,
         7.152557373046875e-06,
         1.430511474609375e-05,
         2.86102294921875e-05,
         5.7220458984375e-05,
         0.00011444091796875,
         0.0002288818359375,
         0.000457763671875,
         0.00091552734375,
         0.0018310546875,
         0.003662109375,
         0.00732421875,
         0.0146484375,
         0.029296875,
         0.05859375,
         0.1171875,
         0.234375,
         0.46875,
         0.9375,
         1.875,
         3.75,
         7.5,
         15.0,
         30.0
      ],
      "time" : [
         0.010507000000000001,
         0.010508,
         0.010656000000000001,
         0.01048,
         0.010625000000000001,
         0.010656000000000001,
         0.010626999999999999,
         0.010514000000000001,
         0.010709,
         0.010651000000000001,
         0.011480000000000001,
         0.012897,
         0.014801999999999999,
         0.018540999999999998,
         0.029207,
         0.051978000000000003,
         0.096067,
         0.12815599999999999,
         0.246701,
         0.48432700000000001,
         0.95637099999999997,
         1.907543,
         3.810473,
         7.6093289999999998
      ]
   },
   "BRUCK" : {
      "REAL_BD" : [
         0.00096865619895001014,
         0.0020792317944903706,
         0.0049074150072362776,
         0.0098452269415648646,
         0.019569240418732901,
         0.038045517941738702,
         0.075788687396523183,
         0.14867283919291976,
         0.25062341739666028,
         0.46603580745736828,
         0.77324944573479737,
         1.1790435849967804,
         1.8165225074404763,
         2.4102735499794323,
         2.8454618298368302,
         3.1650911546252529,
         3.3311776912362485,
         4.5832762970060816,
         4.7339399509185105,
         4.7922342801936315,
         4.8257641758431253,
         4.8392466776958472,
         4.8459504653404695,
         4.8445504862717552
      ],
      "SIZE" : [
         1024.0,
         2048.0,
         4096.0,
         8192.0,
         16384.0,
         32768.0,
         65536.0,
         131072.0,
         262144.0,
         524288.0,
         1048576.0,
         2097152.0,
         4194304.0,
         8388608.0,
         16777216.0,
         33554432.0,
         67108864.0,
         134217728.0,
         268435456.0,
         536870912.0,
         1073741824.0,
         2147483648.0,
         4294967296.0,
         8589934592.0
      ],
      "comm_vol" : [
         3.5762786865234375e-06,
         7.152557373046875e-06,
         1.430511474609375e-05,
         2.86102294921875e-05,
         5.7220458984375e-05,
         0.00011444091796875,
         0.0002288818359375,
         0.000457763671875,
         0.00091552734375,
         0.0018310546875,
         0.003662109375,
         0.00732421875,
         0.0146484375,
         0.029296875,
         0.05859375,
         0.1171875,
         0.234375,
         0.46875,
         0.9375,
         1.875,
         3.75,
         7.5,
         15.0,
         30.0
      ],
      "time" : [
         0.003692,
         0.0034399999999999999,
         0.0029150000000000001,
         0.0029060000000000002,
         0.0029239999999999999,
         0.0030079999999999998,
         0.0030200000000000001,
         0.0030790000000000001,
         0.003653,
         0.0039290000000000002,
         0.0047359999999999998,
         0.0062119999999999996,
         0.008064,
         0.012154999999999999,
         0.020591999999999999,
         0.037025000000000002,
         0.070358000000000004,
         0.102274,
         0.19803799999999999,
         0.39125799999999999,
         0.77707899999999996,
         1.549828,
         3.0953680000000001,
         6.1925249999999998
      ]
   },