{
   "2DMESH" : {
      "REAL_BD" : [
         0.00038244879547892608,
         0.0016649342116030899,
         0.0016289130888287122,
         0.0065619792413274076,
         0.0059935538896381067,
         0.013596402277385055,
         0.040360048657644157,
         0.094755469235147993,
         0.1380469456800362,
         0.34155095831001675,
         0.39037515989766547,
         0.91358597355619309,
         1.4144879779837773,
         1.3962195586903683,
         2.2672090233709952,
         2.3541553667209065,
         2.8902714234625297,
         2.9271811011821129,
         3.0464523047427172,
         3.0150753768844223,
         3.0947130747088494,
         3.0946249665264731,
         3.1037085592833167,
         3.1108227493638108
      ],
      "SIZE" : [
         1024.0,
         2048.0,
         4096.0,
         8192.0,
         16384.0,
         32768.0,
         65536.0,
         131072.0,
         262144.0,
         524288.0,
         1048576.0,
         2097152.0,
         4194304.0,
         8388608.0,
         16777216.0,
         33554432.0,
         67108864.0,
         134217728.0,
         268435456.0,
         536870912.0,
         1073741824.0,
         2147483648.0,
         4294967296.0,
         8589934592.0
      ],
      "comm_vol" : [
         3.5762786865234375e-06,
         7.152557373046875e-06,
         1.430511474609375e-05,
         2.86102294921875e-05,
         5.7220458984375e-05,
         0.00011444091796875,
         0.0002288818359375,
         0.000457763671875,
         0.00091552734375,
         0.0018310546875,
         0.003662109375,
         0.00732421875,
         0.0146484375,
         0.029296875,
         0.05859375,
         0.1171875,
         0.234375,
         0.46875,
         0.9375,
         1.875,
         3.75,
         7.5,
         15.0,
         30.0
      ],
      "time" : [
         0.0093509999999999999,
         0.0042960000000000003,
         0.0087819999999999999,
         0.0043600000000000002,
         0.0095469999999999999,
         0.0084169999999999991,
         0.0056709999999999998,
         0.0048310000000000002,
         0.0066319999999999999,
         0.0053610000000000003,
         0.0093810000000000004,
         0.0080169999999999998,
         0.010356000000000001,
         0.020983000000000002,
         0.025843999999999999,
         0.049778999999999997,
         0.081090999999999996,
         0.160137,
         0.30773499999999998,
         0.62187499999999996,
         1.2117439999999999,
         2.4235570000000002,
         4.8329279999999999,
         9.643751
      ]
   },
   "3DMESH" : {
      "REAL_BD" : [
         0.00034092265839117612,
         0.0006819753406795265,
         0.0013774785504182716,
         0.0027752671929563971,
         0.0055559237774905328,
         0.011126973064535731,
         0.021625267945719954,
         0.043575789802475007,
         0.088209590880624342,
         0.17491924794612151,
         0.32723700965061209,
         0.55824838033536583,
         0.9479348670161134,
         1.3558346445760829,
         1.7496416733852909,
         1.9432468286211757,
         2.0570036861506056,
         2.5364298971359309,
         2.608957001605726,
         2.6425273554431836,
         2.6493303905748835,
         2.6499678647230271,
         2.6473656064849869,
         2.6465040695734161
      ],
      "SIZE" : [
         1024.0,
         2048.0,
         4096.0,
         8192.0,
         16384.0,
         32768.0,
         65536.0,
         131072.0,
         262144.0,
         524288.0,
         1048576.0,
         2097152.0,
         4194304.0,
         8388608.0,
         16777216.0,
         33554432.0,
         67108864.0,
         134217728.0,
         268435456.0,
         536870912.0,
         1073741824.0,
         2147483648.0,
         4294967296.0,
         8589934592.0
      ],
      "comm_vol" : [
         3.5762786865234375e-06,
         7.152557373046875e-06,
         1.430511474609375e-05,
         2.86102294921875e-05,
         5.7220458984375e-05,
         0.00011444091796875,
         0.0002288818359375,
         0.000457763671875,
         0.00091552734375,
         0.0018310546875,
         0.003662109375,
         0.00732421875,
         0.0146484375,
         0.029296875,
         0.05859375,
         0.1171875,
         0.234375,
         0.46875,
         0.9375,
         1.875,
         3.75,
         7.5,
         15.0,
         30.0
      ],
      "time" : [
         0.010489999999999999,
         0.010488000000000001,
         0.010385,
         0.010309,
         0.010299000000000001,
         0.010285000000000001,
         0.010584,
         0.010505,
         0.010378999999999999,
         0.010468,
         0.011191,
         0.01312,
         0.015453,
         0.021607999999999999,
         0.033488999999999998,
         0.060304999999999997,
         0.11394,
         0.184807,
         0.35933900000000002,
         0.70954799999999996,
         1.4154519999999999,
         2.8302230000000002,
         5.66601,
         11.335709
      ]
   },
   "BRUCK" : {
      "REAL_BD" : [
         0.0012234959584411351,
         0.0025535727858075241,
         0.0050352392629685848,
         0.0098963090599057425,
         0.020197832327700317,
         0.039722637267875741,
         0.083108872889433555,
         0.1469074685093068,
         0.24837963747965275,
         0.46830043158567769,
         0.76501135888865679,
         1.1231741680723815,
         1.424529563356997,
         1.7499029387169991,
         1.9524091166572257,
         2.1047361615000542,
         2.1772755141853852,
         2.3832766431262491,
         2.4253446576448154,
         2.4492995003429021,
         2.4571698906919783,
         2.4597849754365875,
         2.4637548806984184,
         2.4625653133885241
      ],
      "SIZE" : [
         1024.0,
         2048.0,
         4096.0,
         8192.0,
         16384.0,
         32768.0,
         65536.0,
         131072.0,
         262144.0,
         524288.0,
         1048576.0,
         2097152.0,
         4194304.0,
         8388608.0,
         16777216.0,
         33554432.0,
         67108864.0,
         134217728.0,
         268435456.0,
         536870912.0,
         1073741824.0,
         2147483648.0,
         4294967296.0,
         8589934592.0
      ],
      "comm_vol" : [
         3.5762786865234375e-06,
         7.152557373046875e-06,
         1.430511474609375e-05,
         2.86102294921875e-05,
         5.7220458984375e-05,
         0.00011444091796875,
         0.0002288818359375,
         0.000457763671875,
         0.00091552734375,
         0.0018310546875,
         0.003662109375,
         0.00732421875,
         0.0146484375,
         0.029296875,
         0.05859375,
         0.1171875,
         0.234375,
         0.46875,
         0.9375,
         1.875,
         3.75,
         7.5,
         15.0,
         30.0
      ],
      "time" : [
         0.0029229999999999998,
         0.0028010000000000001,
         0.0028410000000000002,
         0.0028909999999999999,
         0.002833,
         0.0028809999999999999,
         0.0027539999999999999,
         0.0031159999999999998,
         0.003686,
         0.0039100000000000003,
         0.0047869999999999996,
         0.0065209999999999999,
         0.010283,
         0.016742,
         0.030010999999999999,
         0.055677999999999998,
         0.10764600000000001,
         0.196683,
         0.38654300000000003,
         0.76552500000000001,
         1.526146,
         3.0490469999999998,
         6.0882680000000002,
         12.182418
      ]
   },