{
   "2DMESH" : {
      "REAL_BD" : [
         0.00014116677271204981,
         0.00042242838253288891,
         0.00057151224358295235,
         0.0022808938823437714,
         0.0023278193091721008,
         0.0088268150401213143,
         0.0085487517157686651,
         0.030409840404709027,
         0.067295566681892641,
         0.13235628678748448,
         0.24048524921197792,
         0.43357630784453016,
         0.7159549120234604,
         1.0717995453120099,
         1.3668047946574957,
         1.4158942626346311,
         1.9011159007161231,
         1.9332129070573096,
         2.1041584905079604,
         2.0386614079298573,
         2.1387472562928056,
         2.1312405768720208,
         2.1373701211778937,
         2.1336951430026869
      ],
      "SIZE" : [
         1024.0,
         2048.0,
         4096.0,
         8192.0,
         16384.0,
         32768.0,
         65536.0,
         131072.0,
         262144.0,
         524288.0,
         1048576.0,
         2097152.0,
         4194304.0,
         8388608.0,
         16777216.0,
         33554432.0,
         67108864.0,
         134217728.0,
         268435456.0,
         536870912.0,
         1073741824.0,
         2147483648.0,
         4294967296.0,
         8589934592.0
      ],
      "comm_vol" : [
         2.0861625671386719e-06,
         4.1723251342773438e-06,
         8.3446502685546875e-06,
         1.6689300537109375e-05,
         3.337860107421875e-05,
         6.67572021484375e-05,
         0.000133514404296875,
         0.00026702880859375,
         0.0005340576171875,
         0.001068115234375,
         0.00213623046875,
         0.0042724609375,
         0.008544921875,
         0.01708984375,
         0.0341796875,
         0.068359375,
         0.13671875,
         0.2734375,
         0.546875,
         1.09375,
         2.1875,
         4.375,
         8.75,
         17.5
      ],
      "time" : [
         0.014777999999999999,
         0.0098770000000000004,
         0.014600999999999999,
         0.0073169999999999997,
         0.014338999999999999,
         0.0075630000000000003,
         0.015618,
         0.0087810000000000006,
         0.0079360000000000003,
         0.0080700000000000008,
         0.0088830000000000003,
         0.0098539999999999999,
         0.011934999999999999,
         0.015945000000000001,
         0.025007000000000001,
         0.048280000000000003,
         0.071915000000000007,
         0.14144200000000001,
         0.25990200000000002,
         0.53650399999999998,
         1.0227949999999999,
         2.0527950000000001,
         4.0938160000000003,
         8.2017340000000001
      ]
   },
   "3DMESH" : {
      "REAL_BD" : [
         0.00010852429730732309,
         0.00021581364166333957,
         0.0003972697104763003,
         0.00086787834306341002,
         0.0017317941825370318,
         0.0034751276495802964,
         0.0069473620718532112,
         0.013865144015460306,
         0.027788002351188928,
         0.055165542525307303,
         0.11028551723025298,
         0.21751659390591591,
         0.38898902330768881,
         0.61168416013457894,
         0.97589331601187757,
         1.3258990049847741,
         1.5475550399003903,
         1.6776953565994208,
         1.7553587592201474,
         1.795378551976927,
         1.8153572166569707,
         1.8229485682666116,
         1.827476983188465,
         1.8286720309106179
      ],
      "SIZE" : [
         1024.0,
         2048.0,
         4096.0,
         8192.0,
         16384.0,
         32768.0,
         65536.0,
         131072.0,
         262144.0,
         524288.0,
         1048576.0,
         2097152.0,
         4194304.0,
         8388608.0,
         16777216.0,
         33554432.0,
         67108864.0,
         134217728.0,
         268435456.0,
         536870912.0,
         1073741824.0,
         2147483648.0,
         4294967296.0,
         8589934592.0
      ],
      "comm_vol" : [
         2.0861625671386719e-06,
         4.1723251342773438e-06,
         8.3446502685546875e-06,
         1.6689300537109375e-05,
         3.337860107421875e-05,
         6.67572021484375e-05,
         0.000133514404296875,
         0.00026702880859375,
         0.0005340576171875,
         0.001068115234375,
         0.00213623046875,
         0.0042724609375,
         0.008544921875,
         0.01708984375,
         0.0341796875,
         0.068359375,
         0.13671875,
         0.2734375,
         0.546875,
         1.09375,
         2.1875,
         4.375,
         8.75,
         17.5
      ],
      "time" : [
         0.019223000000000001,
         0.019332999999999999,
         0.021004999999999999,
         0.019230000000000001,
         0.019273999999999999,
         0.019210000000000001,
         0.019217999999999999,
         0.019258999999999998,
         0.019219,
         0.019362000000000001,
         0.019369999999999998,
         0.019642,
         0.021967,
         0.027938999999999999,
         0.035024,
         0.051556999999999999,
         0.088345000000000007,
         0.16298399999999999,
         0.31154599999999999,
         0.60920300000000005,
         1.2049970000000001,
         2.3999579999999998,
         4.7880219999999998,
         9.5697860000000006
      ]
   },
   "BRUCK" : {
      "REAL_BD" : [
         0.00029734358140516987,
         0.00058550731606474087,
         0.001172660240100434,
         0.0023672766719304078,
         0.0047561415038784201,
         0.0094691066877216311,
         0.018629050411172736,
         0.037881800055858991,
         0.074474636339074043,
         0.14241536458333334,
         0.23014764800150828,
         0.42230512380152224,
         0.65024898219313598,
         0.86838636941056913,
         1.2092155770183259,
         1.4328102075036679,
         1.5886076317073738,
         1.7011167102152545,
         1.7600307673492768,
         1.7933238345239637,
         1.8075659131492468,
         1.8100884191991009,
         1.8110493882482144,
         1.8105369317979012
      ],
      "SIZE" : [
         1024.0,
         2048.0,
         4096.0,
         8192.0,
         16384.0,
         32768.0,
         65536.0,
         131072.0,
         262144.0,
         524288.0,
         1048576.0,
         2097152.0,
         4194304.0,
         8388608.0,
         16777216.0,
         33554432.0,
         67108864.0,
         134217728.0,
         268435456.0,
         536870912.0,
         1073741824.0,
         2147483648.0,
         4294967296.0,
         8589934592.0
      ],
      "comm_vol" : [
         2.0861625671386719e-06,
         4.1723251342773438e-06,
         8.3446502685546875e-06,
         1.6689300537109375e-05,
         3.337860107421875e-05,
         6.67572021484375e-05,
         0.000133514404296875,
         0.00026702880859375,
         0.0005340576171875,
         0.001068115234375,
         0.00213623046875,
         0.0042724609375,
         0.008544921875,
         0.01708984375,
         0.0341796875,
         0.068359375,
         0.13671875,
         0.2734375,
         0.546875,
         1.09375,
         2.1875,
         4.375,
         8.75,
         17.5
      ],
      "time" : [
         0.0070159999999999997,
         0.0071260000000000004,
         0.0071159999999999999,
         0.0070499999999999998,
         0.0070179999999999999,
         0.0070499999999999998,
         0.0071669999999999998,
         0.0070489999999999997,
         0.0071710000000000003,
         0.0074999999999999997,
         0.0092820000000000003,
         0.010116999999999999,
         0.013141,
         0.01968,
         0.028265999999999999,
         0.047710000000000002,
         0.086062,
         0.16073999999999999,
         0.31071900000000002,
         0.60990100000000003,
         1.210191,
         2.4170090000000002,
         4.8314529999999998,
         9.6656410000000008
      ]
   },